file,accepted_tokens,total_tokens,acceptance rate,performance.rouge1,performance.rouge2,performance.rougeL,performance.rougeLsum,num_tokens_per_sec,total_time,num_tokens
./.logs/cnndm/Llama-3.2-3B-Instruct_Llama-3.2-1B-Instruct_static_en_0.35_DRAFT_LEN14_264_NUM_EXMPLS200_TEMP0.2_DO_SAMPLeFalse.log,21057,27190,0.7744106505829135,0.29338899986385175,0.11347535372348641,0.18958059714295802,0.2488246177311787,30.839936987788636,4.503454005718231,132.56
./.logs/cnndm/Llama-3.1-8B-Instruct_Llama-3.2-3B-Instruct_sd_0.0_DRAFT_LEN12_264_NUM_EXMPLS200_TEMP0.2_DO_SAMPLeFalse.log,19908,28689,0.6939003136981526,0.3012868627427041,0.11101045345267178,0.19061690023248273,0.25713753828200037,17.68899348461305,7.724086036682129,130.95
./.logs/cnndm/Llama-3.1-8B-Instruct_Llama-3.2-1B-Instruct_sd_en_0.0_DRAFT_LEN20_264.log,20803,29734,0.699613250378342,0.31363241188645674,0.12333969396850025,0.19754282199899725,0.262782711849626,27.084518440449084,5.14270992398262,132.71
./.logs/cnndm/Llama-3.1-8B-Instruct_Llama-3.2-1B-Instruct_TEMP0.7_reinforce_AdamW_reg_scale10_target0.3_5e-4_192.log,0,0,0.0,,,,,,,
./.logs/cnndm/Llama-3.2-3B-Instruct_Llama-3.2-1B-Instruct_static_en_0.5_DRAFT_LEN12_264_NUM_EXMPLS200_TEMP0.2_DO_SAMPLeFalse.log,21219,25288,0.8390604610700304,0.28768310907625605,0.11106840532437182,0.1869951450309953,0.24482222803972345,35.65208136296778,3.8749076879024504,131.755
./.logs/cnndm/Llama-3.1-8B-Instruct_Llama-3.2-3B-Instruct_static_en_0.2_DRAFT_LEN3_264_NUM_EXMPLS200_TEMP0.2_DO_SAMPLeFalse.log,17011,20557,0.8274637610662516,0.3057245029667299,0.1157319642705438,0.19211748184464644,0.2558221751956121,20.68691286470958,6.4390026521682735,128.635
./.logs/cnndm/gemma-3-4b-it_auto_0.0_DRAFT_LEN5_264_NUM_EXMPLS500_TEMP0.2_DO_SAMPLeTrue.log,0,0,0.0,0.2778026551090963,0.09722369529501465,0.17370092615793817,0.2344781490255919,71.85317804555844,59.75834813022613,127.752
./.logs/cnndm/Llama-3.1-8B-Instruct_Llama-3.2-3B-Instruct_static_en_0.15_DRAFT_LEN3_264_NUM_EXMPLS200_TEMP0.2_DO_SAMPLeFalse.log,16972,20692,0.820180737447446,0.30485929494971886,0.11404638618804154,0.1941902600492533,0.2565899720909858,21.037627899651635,6.351339468955993,128.565
./.logs/cnndm/Llama-3.1-8B-Instruct_Llama-3.2-1B-Instruct_static_en_0.3_DRAFT_LEN5_264.log,18671,23505,0.7943078362971157,0.314152080769429,0.12367102956472334,0.2013791054906448,0.2654056085281531,29.13052964575204,4.644156210422516,129.43
./.logs/cnndm/Llama-3.2-3B-Instruct_Llama-3.2-1B-Instruct_static_en_0.1_DRAFT_LEN13_264_NUM_EXMPLS200_TEMP0.2_DO_SAMPLeFalse.log,19996,28967,0.6902789284727976,0.28551143140905016,0.10665817687546933,0.1859009218196976,0.241356332710636,29.87928733614748,4.667957088947296,131.525
./.logs/cnndm/Llama-3.1-8B-Instruct_Llama-3.2-1B-Instruct_static_en_0.5_DRAFT_LEN5_264.log,19089,22446,0.850403171916069,0.30065332060314687,0.11455417933855286,0.1916239556968768,0.2524273185485492,31.70590627728752,4.2468709778785705,129.235
./.logs/cnndm/Llama-3.1-8B-Instruct_Llama-3.2-1B-Instruct_static_en_1.0_DRAFT_LEN5_264.log,20149,20303,0.992366036249015,0.27792063370566256,0.10446544112106705,0.18143472045185532,0.23602917238174648,34.262032711960664,3.9008935117721557,129.42
./.logs/cnndm/Llama-3.1-8B-Instruct_Llama-3.2-3B-Instruct_sd_0.0_DRAFT_LEN7_264_NUM_EXMPLS200_TEMP0.2_DO_SAMPLeFalse.log,19080,26048,0.7324657376482783,0.3020804621333487,0.11361153686479868,0.19128254731607927,0.2578419750693167,18.814863212162205,7.210626126527786,129.89
./.logs/cnndm/Llama-3.2-3B-Instruct_Llama-3.2-1B-Instruct_static_en_0.3_DRAFT_LEN7_264_NUM_EXMPLS200_TEMP0.2_DO_SAMPLeFalse.log,19447,24532,0.7926874006440305,0.29738411880436777,0.11234233447603942,0.19027061683733543,0.24864816357542402,32.796001511107505,4.154863674640655,129.74
./.logs/cnndm/Llama-3.2-3B-Instruct_Llama-3.2-1B-Instruct_static_en_0.45_DRAFT_LEN3_264_NUM_EXMPLS200_TEMP0.2_DO_SAMPLeFalse.log,17384,19908,0.8731729368627253,0.29849472163822555,0.11507503570820041,0.19214656790186027,0.25271295978543973,30.209337913889968,4.402218161821366,128.615
./.logs/cnndm/Llama-3.2-3B-Instruct_Llama-3.2-1B-Instruct_static_en_0.15_DRAFT_LEN13_264_NUM_EXMPLS200_TEMP0.2_DO_SAMPLeFalse.log,19937,28183,0.7073871700255464,0.2886516870400535,0.10885240283838354,0.1865909009095187,0.24454472863933513,27.369511901985724,5.00877957701683,131.045
./.logs/cnndm/Llama-3.2-3B-Instruct_Llama-3.2-1B-Instruct_static_en_0.15_DRAFT_LEN12_264_NUM_EXMPLS200_TEMP0.2_DO_SAMPLeFalse.log,19867,27837,0.7136647747683024,0.28935613009083194,0.10865365824009154,0.18726718011056248,0.24465070884840573,27.868411804584785,4.922456886768341,130.915
./.logs/cnndm/Llama-3.2-3B-Instruct_Llama-3.2-1B-Instruct_static_en_0.0_DRAFT_LEN11_264_NUM_EXMPLS200_TEMP0.2_DO_SAMPLeFalse.log,0,283,0.0,0.0,0.0,0.0,0.0,10.145319904852274,0.10961184740066528,1.0
./.logs/cnndm/Llama-3.2-3B-Instruct_Llama-3.2-1B-Instruct_sd_0.0_DRAFT_LEN9_264_NUM_EXMPLS200_TEMP0.2_DO_SAMPLeFalse.log,18874,28049,0.6728698752228164,0.2851408357440235,0.10331450137879111,0.18323535243235292,0.2423813335427374,29.636398773218026,4.681736927032471,130.185
./.logs/cnndm/Llama-3.1-8B-Instruct_Llama-3.2-3B-Instruct_sd_0.0_DRAFT_LEN5_264_NUM_EXMPLS200_TEMP0.2_DO_SAMPLeFalse.log,18308,24165,0.757593312918977,0.3039252123863545,0.1136547989999173,0.19171613836743395,0.2594302979452568,19.28539795789061,6.99698590517044,129.155
./.logs/cnndm/Llama-3.2-3B-Instruct_Llama-3.2-1B-Instruct_static_en_0.05_DRAFT_LEN13_264_NUM_EXMPLS200_TEMP0.2_DO_SAMPLeFalse.log,19793,29060,0.6810846151199201,0.2855744457129419,0.10547383423305798,0.18158683313127066,0.24116573135407085,28.376917577981143,4.90552490234375,131.35
./.logs/cnndm/Llama-3.1-8B-Instruct_Llama-3.2-1B-Instruct_static_en_0.0_DRAFT_LEN5_264.log,0,260,0.0,0.0,0.0,0.0,0.0,7.270570087426747,0.1443061673641205,1.0
./.logs/cnndm/Llama-3.2-3B-Instruct_Llama-3.2-1B-Instruct_static_en_0.35_DRAFT_LEN15_264_NUM_EXMPLS200_TEMP0.2_DO_SAMPLeFalse.log,21106,27466,0.7684130046965449,0.29540108137647525,0.11386979918339743,0.18941350531361073,0.25078451681283365,30.308339228126705,4.571190650463104,132.35
./.logs/cnndm/Llama-3.2-3B-Instruct_Llama-3.2-1B-Instruct_static_en_0.45_DRAFT_LEN6_264_NUM_EXMPLS200_TEMP0.2_DO_SAMPLeFalse.log,19506,23123,0.8435391800726518,0.2990799176957074,0.11582153231446377,0.1956175764392474,0.2556907579459309,32.625072910049795,4.1514870548248295,129.805
./.logs/cnndm/Llama-3.2-3B-Instruct_Llama-3.2-1B-Instruct_static_en_0.0_DRAFT_LEN8_264_NUM_EXMPLS200_TEMP0.2_DO_SAMPLeFalse.log,0,278,0.0,0.0,0.0,0.0,0.0,9.915978500575374,0.11121026873588562,1.0
./.logs/cnndm/Llama-3.2-3B-Instruct_Llama-3.2-1B-Instruct_static_en_0.5_DRAFT_LEN3_264_NUM_EXMPLS200_TEMP0.2_DO_SAMPLeFalse.log,17403,19786,0.8795168545004296,0.29124199968897246,0.11062772390652961,0.1902719224953644,0.2476055521420918,30.014703398282037,4.424213353395462,128.62
./.logs/cnndm/Llama-3.2-3B-Instruct_Llama-3.2-1B-Instruct_sd_0.0_DRAFT_LEN3_264_NUM_EXMPLS200_TEMP0.2_DO_SAMPLeFalse.log,16294,21561,0.7556812911603747,0.284922843167943,0.10440744144747965,0.1816186595794156,0.2425273395776559,32.95030774464648,4.045084997415542,128.6
./.logs/cnndm/gemma-3-4b-it_auto_0.0_DRAFT_LEN5_264_NUM_EXMPLS5_TEMP0.2_DO_SAMPLeFalse.log,0,0,0.0,0.2878697767778735,0.10026563500051153,0.1697301496232238,0.23155579047730562,79.14556844801496,3.696175718307495,128.0
./.logs/cnndm/Llama-3.2-3B-Instruct_Llama-3.2-1B-Instruct_static_en_0.35_DRAFT_LEN8_264_NUM_EXMPLS200_TEMP0.2_DO_SAMPLeFalse.log,20027,25095,0.7980156200191265,0.29416896877190235,0.11317841638223028,0.18762910255117288,0.24836971709505834,30.019316244591465,4.525725431442261,130.54
./.logs/cnndm/Llama-3.1-8B-Instruct_Llama-3.2-3B-Instruct_static_en_0.45_DRAFT_LEN3_264_NUM_EXMPLS200_TEMP0.2_DO_SAMPLeFalse.log,17355,19793,0.8767808426795999,0.3061845013812403,0.1142450945911402,0.19185200888505385,0.25603100899092646,20.896562907994852,6.33499178647995,128.67
./.logs/cnndm/Llama-3.2-3B-Instruct_Llama-3.2-1B-Instruct_static_en_0.5_DRAFT_LEN8_264_NUM_EXMPLS200_TEMP0.2_DO_SAMPLeFalse.log,20406,23954,0.8518472135253601,0.2934606201951024,0.11518788597430255,0.1908054331828597,0.24993340643101822,35.30352438497238,3.8764934849739077,130.49
./.logs/cnndm/Llama-3.2-3B-Instruct_Llama-3.2-1B-Instruct_static_en_0.05_DRAFT_LEN5_264_NUM_EXMPLS200_TEMP0.2_DO_SAMPLeFalse.log,18021,24328,0.7407209503062189,0.2834897815746631,0.10635268892162927,0.18190452170896948,0.24025945762046905,27.593001000330116,4.891357015371323,129.235
./.logs/cnndm/Llama-3.2-3B-Instruct_Llama-3.2-1B-Instruct_static_en_0.25_DRAFT_LEN4_264_NUM_EXMPLS200_TEMP0.2_DO_SAMPLeFalse.log,17949,22080,0.812870793895204,0.2945730490579167,0.11309456440697493,0.19140407067211973,0.24941822814857212,29.96661088947203,4.496446409225464,128.94
./.logs/cnndm/Llama-3.2-3B-Instruct_Llama-3.2-1B-Instruct_static_en_0.45_DRAFT_LEN12_264_NUM_EXMPLS200_TEMP0.2_DO_SAMPLeFalse.log,21019,25587,0.8214397373768955,0.29282189637745415,0.1129791403766052,0.18971298315570406,0.25038918668801574,32.103837078608514,4.288044508695602,131.985
./.logs/cnndm/Llama-3.2-3B-Instruct_Llama-3.2-1B-Instruct_static_en_0.25_DRAFT_LEN11_264_NUM_EXMPLS200_TEMP0.2_DO_SAMPLeFalse.log,20297,26723,0.7595045651848525,0.29150871538013756,0.1111584007544716,0.18978252802610496,0.24712907944291768,33.84860222324339,4.083721497058868,131.275
./.logs/cnndm/Llama-3.2-3B-Instruct_Llama-3.2-1B-Instruct_sd_0.0_DRAFT_LEN8_264_NUM_EXMPLS200_TEMP0.2_DO_SAMPLeFalse.log,18794,27389,0.686162833150785,0.28350804931092055,0.10310504274281489,0.18089442788201754,0.2414155953728277,28.31215702325825,4.871449648141861,130.235
./.logs/cnndm/Llama-3.1-8B-Instruct_Llama-3.2-1B-Instruct_static_0.0.log,0,0,0.0,,,,,,,
./.logs/cnndm/Llama-3.1-8B-Instruct_Llama-3.2-3B-Instruct_static_en_0.25_DRAFT_LEN5_264_NUM_EXMPLS200_TEMP0.2_DO_SAMPLeFalse.log,18697,22843,0.8184643670110313,0.3083636420910603,0.11582586611957213,0.1913478855600027,0.25832214582089624,21.589239589991024,6.226518075466156,129.225
./.logs/cnndm/Llama-3.2-3B-Instruct_Llama-3.2-1B-Instruct_static_en_0.35_DRAFT_LEN3_264_NUM_EXMPLS200_TEMP0.2_DO_SAMPLeFalse.log,17189,20230,0.8496366961593594,0.29407323420230613,0.11177518032812495,0.18611617281727924,0.24713543541048022,30.463488159797226,4.3938406825065615,128.745
./.logs/cnndm/Llama-3.2-3B-Instruct_Llama-3.2-1B-Instruct_sd_0.0_DRAFT_LEN13_264_NUM_EXMPLS200_TEMP0.2_DO_SAMPLeFalse.log,19514,29936,0.6518355212613154,0.2838315507956714,0.10198720137973738,0.18133943713058803,0.24199806908238913,26.149528998716132,5.293308646678924,131.485
./.logs/cnndm/Llama-3.1-8B-Instruct_Llama-3.2-1B-Instruct_static_en_0.9_DRAFT_LEN5_264.log,19945,20659,0.9653920619554696,0.28161133650126474,0.10285016488825086,0.1793722807295942,0.23852614848981782,31.89939758771061,4.156559302806854,129.605
./.logs/cnndm/Llama-3.1-8B-Instruct_Llama-3.2-3B-Instruct_static_en_0.2_DRAFT_LEN5_264_NUM_EXMPLS200_TEMP0.2_DO_SAMPLeFalse.log,18650,23243,0.8023575976596111,0.3058079808434676,0.11366482659179067,0.19176981725844716,0.25794265100029645,20.805959230264833,6.485832611322403,129.485
./.logs/cnndm/Llama-3.2-3B-Instruct_Llama-3.2-1B-Instruct_static_en_0.45_DRAFT_LEN4_264_NUM_EXMPLS200_TEMP0.2_DO_SAMPLeFalse.log,18386,21246,0.8653456958629454,0.29620296598740226,0.11357035730629547,0.19208374993113794,0.252407779445572,36.81959717223269,3.6201309967041015,129.075
./.logs/cnndm/Llama-3.1-8B-Instruct_Llama-3.2-1B-Instruct_static_0.5.log,0,0,0.0,,,,,,,
./.logs/cnndm/Llama-3.1-8B-Instruct_Llama-3.2-1B-Instruct_TEMP0.7_reinforce_AdamW_reg_scale10_target0.3_5e-4_96.log,0,0,0.0,,,,,,,
./.logs/cnndm/Llama-3.2-3B-Instruct_Llama-3.2-1B-Instruct_static_en_0.2_DRAFT_LEN7_264_NUM_EXMPLS200_TEMP0.2_DO_SAMPLeFalse.log,19280,25120,0.7674853708053023,0.28817017587878246,0.10685180776865497,0.18642648377594306,0.24327090036477733,33.247598611871446,4.112673578262329,129.935
./.logs/cnndm/gemma-3-1b-it_auto_0.0_DRAFT_LEN5_264_NUM_EXMPLS500_TEMP0.2_DO_SAMPLeTrue.log,0,0,0.0,0.231262015741552,0.07453929379468678,0.1493670501130039,0.19795787293334693,145.7951184799792,2.076204092979431,127.764
./.logs/cnndm/Llama-3.2-3B-Instruct_Llama-3.2-1B-Instruct_static_en_0.15_DRAFT_LEN14_264_NUM_EXMPLS200_TEMP0.2_DO_SAMPLeFalse.log,19982,28517,0.7006802721088435,0.28708693393482254,0.10700277527210325,0.18384248838911382,0.24251008953943765,28.945485396075448,4.772225964069366,131.14
./.logs/cnndm/Llama-3.2-3B-Instruct_Llama-3.2-1B-Instruct_static_en_0.0_DRAFT_LEN15_264_NUM_EXMPLS200_TEMP0.2_DO_SAMPLeFalse.log,0,287,0.0,0.0,0.0,0.0,0.0,10.039473451802603,0.11111363410949707,1.0
./.logs/cnndm/Llama-3.2-3B-Instruct_Llama-3.2-1B-Instruct_static_en_0.05_DRAFT_LEN8_264_NUM_EXMPLS200_TEMP0.2_DO_SAMPLeFalse.log,19069,26811,0.7112113978815455,0.28667588260961496,0.10807439093124166,0.18272155636177673,0.24229065607336647,29.31914193560785,4.700977948904037,130.38
./.logs/cnndm/Llama-3.1-8B-Instruct_Llama-3.2-3B-Instruct_static_en_0.05_DRAFT_LEN4_264_NUM_EXMPLS200_TEMP0.2_DO_SAMPLeFalse.log,17826,22620,0.7880288227752973,0.30695900138955917,0.11326291484506007,0.19292866338060954,0.26126626916755313,20.78372511753012,6.479422924518585,128.92
./.logs/cnndm/Llama-3.1-8B-Instruct_Llama-3.2-1B-Instruct_sd_0.0_DRAFT_LEN10_264.log,18585,29907,0.6214056439748562,0.30097567539834646,0.11134198951913588,0.18891590947567877,0.25733093427392517,26.022919394859215,5.350657435655594,130.465
./.logs/cnndm/Llama-3.1-8B-Instruct_Llama-3.2-3B-Instruct_static_en_0.0_DRAFT_LEN3_264_NUM_EXMPLS200_TEMP0.2_DO_SAMPLeFalse.log,0,283,0.0,0.0,0.0,0.0,0.0,5.881524704682031,0.17898430347442626,1.0
./.logs/cnndm/Llama-3.2-3B-Instruct_Llama-3.2-1B-Instruct_static_en_0.3_DRAFT_LEN11_264_NUM_EXMPLS200_TEMP0.2_DO_SAMPLeFalse.log,20453,26643,0.7676399939948957,0.2946407654386983,0.11201054563684368,0.18870801568398865,0.24858657838663414,31.363095803885436,4.433384327888489,131.545
./.logs/cnndm/Llama-3.2-3B-Instruct_Llama-3.2-1B-Instruct_static_en_0.1_DRAFT_LEN7_264_NUM_EXMPLS200_TEMP0.2_DO_SAMPLeFalse.log,18940,25773,0.7348490727089315,0.28731307124050354,0.1074699221691838,0.1854987949317309,0.24405485544457295,29.440340997067064,4.6519882833957675,130.06
./.logs/cnndm/Llama-3.2-3B-Instruct_Llama-3.2-1B-Instruct_static_en_0.1_DRAFT_LEN3_264_NUM_EXMPLS200_TEMP0.2_DO_SAMPLeFalse.log,16626,21084,0.7885226464311121,0.28343245062930067,0.1046228774458191,0.18299373705099764,0.23996519354151563,30.038439394392398,4.485091140270233,128.645
./.logs/cnndm/Llama-3.2-3B-Instruct_Llama-3.2-1B-Instruct_static_en_0.15_DRAFT_LEN8_264_NUM_EXMPLS200_TEMP0.2_DO_SAMPLeFalse.log,19280,25996,0.7416240335423319,0.2861699563861444,0.10586512848239898,0.18462098830938575,0.24237193255365092,29.90125000735826,4.580237159729004,130.07
./.logs/cnndm/Llama-3.1-8B-Instruct_Llama-3.2-3B-Instruct_static_en_0.1_DRAFT_LEN3_264_NUM_EXMPLS200_TEMP0.2_DO_SAMPLeFalse.log,16856,20886,0.8070091444439125,0.3069452928020756,0.11309891362437949,0.1921057552522355,0.2591409218923287,19.09808427589128,6.940833550691605,128.595
./.logs/cnndm/Llama-3.2-3B-Instruct_Llama-3.2-1B-Instruct_static_en_0.15_DRAFT_LEN5_264_NUM_EXMPLS200_TEMP0.2_DO_SAMPLeFalse.log,18262,23679,0.7711993243243244,0.28742370736652817,0.1069911910059091,0.18655135029810962,0.24280219205442963,29.055689563945272,4.648391678333282,129.45
./.logs/cnndm/Llama-3.2-3B-Instruct_Llama-3.2-1B-Instruct_sd_0.0_DRAFT_LEN12_264_NUM_EXMPLS200_TEMP0.2_DO_SAMPLeFalse.log,19306,29514,0.6541080806369642,0.2858164742738858,0.10426736738877904,0.18232372113182527,0.24306180205222827,26.573944668391615,5.19867401599884,130.955
./.logs/cnndm/gemma-3-1b-it_auto_0.0_DRAFT_LEN5_264_NUM_EXMPLS5_TEMP0.2_DO_SAMPLeFalse.log,0,0,0.0,0.2425101028066879,0.06831701631701631,0.14688857433647556,0.2029920507020762,173.66028755977663,2.568472480773926,128.0
./.logs/cnndm/Llama-3.2-3B-Instruct_Llama-3.2-1B-Instruct_static_en_0.0_DRAFT_LEN13_264_NUM_EXMPLS200_TEMP0.2_DO_SAMPLeFalse.log,0,285,0.0,0.0,0.0,0.0,0.0,10.267164372179405,0.10746345639228821,1.0
./.logs/cnndm/Llama-3.1-8B-Instruct_Llama-3.2-1B-Instruct_TEMP0.7_reinforce_AdamW_reg_scale10_target0.3_5e-4_64.log,0,0,0.0,,,,,,,
./.logs/cnndm/Llama-3.2-3B-Instruct_Llama-3.2-1B-Instruct_static_en_0.5_DRAFT_LEN10_264_NUM_EXMPLS200_TEMP0.2_DO_SAMPLeFalse.log,20792,24564,0.8464074903317729,0.2906060435841029,0.11369058214869907,0.19035856429582304,0.2480353557542574,33.970937147466174,4.034004917144776,130.745
./.logs/cnndm/Llama-3.2-3B-Instruct_Llama-3.2-1B-Instruct_static_en_0.25_DRAFT_LEN10_264_NUM_EXMPLS200_TEMP0.2_DO_SAMPLeFalse.log,20091,26455,0.7594118536437859,0.29398518317488065,0.11254393203589635,0.19110680695010918,0.24930419457954048,31.444892859972246,4.393248082399368,130.89
./.logs/cnndm/Llama-3.2-3B-Instruct_Llama-3.2-1B-Instruct_static_en_0.05_DRAFT_LEN3_264_NUM_EXMPLS200_TEMP0.2_DO_SAMPLeFalse.log,16531,21207,0.7794700113164843,0.2862964642684036,0.10633202090464965,0.18251918574571016,0.2412153557825789,28.160587100142855,4.749886887073517,128.68
./.logs/cnndm/Llama-3.2-3B-Instruct_Llama-3.2-1B-Instruct_static_en_0.5_DRAFT_LEN15_264_NUM_EXMPLS200_TEMP0.2_DO_SAMPLeFalse.log,21596,26018,0.8300088396940697,0.28870212647454774,0.11191482187846188,0.1872079050472293,0.24530113445030877,31.612490076743256,4.350334206819534,132.685
./.logs/cnndm/Llama-3.2-3B-Instruct_Llama-3.2-1B-Instruct_static_en_0.5_DRAFT_LEN6_264_NUM_EXMPLS200_TEMP0.2_DO_SAMPLeFalse.log,19743,22938,0.8606739613758229,0.29813376179739187,0.11692100883857373,0.193926155522054,0.2526866191698829,31.91027673493301,4.235126014947891,130.07
./.logs/cnndm/Llama-3.2-3B-Instruct_Llama-3.2-1B-Instruct_static_en_0.0_DRAFT_LEN4_264_NUM_EXMPLS200_TEMP0.2_DO_SAMPLeFalse.log,0,247,0.0,0.0,0.0,0.0,0.0,9.988692626690014,0.10692952871322632,1.0
./.logs/cnndm/Llama-3.2-3B-Instruct_Llama-3.2-1B-Instruct_static_en_0.45_DRAFT_LEN5_264_NUM_EXMPLS200_TEMP0.2_DO_SAMPLeFalse.log,19067,22182,0.8595320741108056,0.29594634439544787,0.11222435545485389,0.1916801579739248,0.2527931349665383,31.356580478104235,4.264855180978775,129.145
./.logs/cnndm/Llama-3.2-3B-Instruct_Llama-3.2-1B-Instruct_static_en_0.3_DRAFT_LEN12_264_NUM_EXMPLS200_TEMP0.2_DO_SAMPLeFalse.log,20548,26975,0.7617141162514828,0.29704500474291684,0.11457640480294981,0.19121873595965747,0.2528096743249835,31.221940095624078,4.4216660106182095,131.54
./.logs/cnndm/Llama-3.1-8B-Instruct_Llama-3.2-1B-Instruct_static_en_0.8_DRAFT_LEN5_264.log,19828,21113,0.9390925452306527,0.28232630817147397,0.10375773713369582,0.18001216191731295,0.23564029162092082,31.393962241110692,4.233856197595596,129.445
./.logs/cnndm/Llama-3.1-8B-Instruct_Llama-3.2-1B-Instruct_TEMP0.7_reinforce_AdamW_reg_scale10_target0.3_5e-4_296.log,0,0,0.0,,,,,,,
./.logs/cnndm/Llama-3.1-8B-Instruct_Llama-3.2-3B-Instruct_static_en_0.05_DRAFT_LEN3_264_NUM_EXMPLS200_TEMP0.2_DO_SAMPLeFalse.log,16821,21022,0.8001236740712553,0.30713316298771587,0.11336825774340711,0.1927473197836799,0.259933161616984,19.60375872859508,6.798880974054336,128.595
./.logs/cnndm/Llama-3.1-8B-Instruct_Llama-3.2-1B-Instruct_static_0.6.log,0,0,0.0,,,,,,,
./.logs/cnndm/gemma-3-12b-it_auto_0.0_DRAFT_LEN5_264_NUM_EXMPLS5_TEMP0.2_DO_SAMPLeFalse.log,0,0,0.0,0.11865613255785343,0.014345085575687533,0.08052064564660259,0.10322831043631935,32.127639488390464,6.44780707359314,128.0
./.logs/cnndm/Llama-3.1-8B-Instruct_Llama-3.2-3B-Instruct_static_en_0.3_DRAFT_LEN4_264_NUM_EXMPLS200_TEMP0.2_DO_SAMPLeFalse.log,18191,21678,0.8391069698786845,0.30530821361538546,0.11360885310396315,0.19057802119779113,0.25570764751977754,21.664474327929216,6.206214786767959,129.035
./.logs/cnndm/Llama-3.2-3B-Instruct_Llama-3.2-1B-Instruct_static_en_0.5_DRAFT_LEN14_264_NUM_EXMPLS200_TEMP0.2_DO_SAMPLeFalse.log,21432,25872,0.8283538824256947,0.28821297386602696,0.11239669756147094,0.18781997839036796,0.24633889190142455,33.801143697511286,4.105748009681702,132.365
./.logs/cnndm/Llama-3.2-3B-Instruct_Llama-3.2-1B-Instruct_static_en_0.4_DRAFT_LEN5_264_NUM_EXMPLS200_TEMP0.2_DO_SAMPLeFalse.log,18928,22464,0.8425550856888493,0.29166310118063055,0.1106033931409326,0.1886884658134867,0.2485273818966715,33.771701644396096,4.016113798618317,129.285
./.logs/cnndm/Llama-3.2-3B-Instruct_Llama-3.2-1B-Instruct_static_en_0.5_DRAFT_LEN5_264_NUM_EXMPLS200_TEMP0.2_DO_SAMPLeFalse.log,19214,22041,0.871699482805553,0.2895300847741225,0.11113975595381781,0.18877119759982414,0.24623065621243134,32.18513782715243,4.170782796144485,129.315
./.logs/cnndm/Llama-3.1-8B-Instruct_Llama-3.2-1B-Instruct_static_1.0.log,0,0,0.0,,,,,,,
./.logs/cnndm/Llama-3.2-3B-Instruct_Llama-3.2-1B-Instruct_sd_0.0_DRAFT_LEN6_264_NUM_EXMPLS200_TEMP0.2_DO_SAMPLeFalse.log,18214,25713,0.708330092556584,0.2842775735789931,0.10251369338198335,0.1811163299660814,0.2414299622171509,29.798895582305775,4.573992530107498,129.625
./.logs/cnndm/Llama-3.1-8B-Instruct_Llama-3.2-1B-Instruct_static_0.9.log,0,0,0.0,,,,,,,
./.logs/cnndm/Llama-3.2-3B-Instruct_Llama-3.2-1B-Instruct_static_en_0.4_DRAFT_LEN11_264_NUM_EXMPLS200_TEMP0.2_DO_SAMPLeFalse.log,20888,25689,0.8130790190735695,0.2939575246874261,0.11387026005924827,0.19013730073899418,0.24887131917157485,30.995781241668155,4.410385384559631,131.585
./.logs/cnndm/Llama-3.1-8B-Instruct_Llama-3.2-3B-Instruct_sd_0.0_DRAFT_LEN9_264_NUM_EXMPLS200_TEMP0.2_DO_SAMPLeFalse.log,19473,27191,0.7161297440423654,0.3023700379043365,0.11332411635391756,0.19194873158456893,0.2584364429030798,18.69033320067207,7.312314404249191,130.205
./.logs/cnndm/Llama-3.1-8B-Instruct_Llama-3.2-3B-Instruct_static_en_0.45_DRAFT_LEN4_264_NUM_EXMPLS200_TEMP0.2_DO_SAMPLeFalse.log,18414,21059,0.8743589743589744,0.304781446431071,0.117454552264119,0.1918056739539001,0.2556734636378211,21.657634709270962,6.146269664764405,128.92
./.logs/cnndm/Llama-3.1-8B-Instruct_Llama-3.2-3B-Instruct_static_en_0.3_DRAFT_LEN5_264_NUM_EXMPLS200_TEMP0.2_DO_SAMPLeFalse.log,0,0,0.0,,,,,,,
./.logs/cnndm/Llama-3.2-3B-Instruct_Llama-3.2-1B-Instruct_static_en_0.15_DRAFT_LEN11_264_NUM_EXMPLS200_TEMP0.2_DO_SAMPLeFalse.log,19804,27450,0.7214309132636334,0.2888219402135895,0.10819863646276151,0.18641254373744343,0.24299953456075976,31.252614927874582,4.433212064504623,130.88
./.logs/cnndm/Llama-3.2-3B-Instruct_Llama-3.2-1B-Instruct_static_en_0.2_DRAFT_LEN9_264_NUM_EXMPLS200_TEMP0.2_DO_SAMPLeFalse.log,19786,26253,0.7536375409461415,0.28895729539518533,0.10956802661780152,0.18762765003048,0.24637169330043054,29.538399150952674,4.650129939317703,130.715
./.logs/cnndm/Llama-3.2-3B-Instruct_Llama-3.2-1B-Instruct_static_en_0.3_DRAFT_LEN6_264_NUM_EXMPLS200_TEMP0.2_DO_SAMPLeFalse.log,19215,23793,0.8075565268555098,0.29793550497416776,0.11498138993074,0.19088305213428317,0.2518524170376081,31.306843116965887,4.327213587760926,129.57
./.logs/cnndm/Llama-3.2-3B-Instruct_Llama-3.2-1B-Instruct_static_en_0.35_DRAFT_LEN4_264_NUM_EXMPLS200_TEMP0.2_DO_SAMPLeFalse.log,18150,21747,0.8345594997241126,0.29625782160460634,0.1134252050127228,0.19050085799933736,0.25050215595301306,30.403553227477097,4.405675983428955,129.0
./.logs/cnndm/Llama-3.2-3B-Instruct_Llama-3.2-1B-Instruct_static_en_0.45_DRAFT_LEN8_264_NUM_EXMPLS200_TEMP0.2_DO_SAMPLeFalse.log,20140,24094,0.8358580618385557,0.2964720243238089,0.11348716263156083,0.19213669281810314,0.2529136002040728,32.864176827781606,4.12914672255516,130.22
./.logs/cnndm/Llama-3.2-3B-Instruct_Llama-3.2-1B-Instruct_static_en_0.2_DRAFT_LEN8_264_NUM_EXMPLS200_TEMP0.2_DO_SAMPLeFalse.log,19569,25675,0.7621514254556785,0.2887837217578611,0.11034412349700638,0.1876468742529092,0.2451053853131902,29.531489340152564,4.621762993335724,130.225
./.logs/cnndm/Llama-3.2-3B-Instruct_Llama-3.2-1B-Instruct_static_en_0.25_DRAFT_LEN15_264_NUM_EXMPLS200_TEMP0.2_DO_SAMPLeFalse.log,20681,28127,0.7352460182025028,0.29168042648804016,0.11183572496932435,0.1895576025415849,0.24784929149356197,29.6671539149453,4.684093527793884,132.095
./.logs/cnndm/Llama-3.1-8B-Instruct_Llama-3.2-3B-Instruct_sd_0.0_DRAFT_LEN14_264_NUM_EXMPLS200_TEMP0.2_DO_SAMPLeFalse.log,20100,29176,0.6888987901429208,0.3011962331618562,0.11250939144788262,0.19147001287927662,0.25721448805721947,18.640302130043597,7.415185421705246,131.21
./.logs/cnndm/Llama-3.2-3B-Instruct_Llama-3.2-1B-Instruct_static_en_0.4_DRAFT_LEN12_264_NUM_EXMPLS200_TEMP0.2_DO_SAMPLeFalse.log,21085,26003,0.8108367943393324,0.2947146085546832,0.11403175943428476,0.18907246922824106,0.2502413311153305,31.969066860657726,4.331952921152115,132.23
./.logs/cnndm/Llama-3.2-3B-Instruct_Llama-3.2-1B-Instruct_static_en_0.1_DRAFT_LEN6_264_NUM_EXMPLS200_TEMP0.2_DO_SAMPLeFalse.log,18738,24757,0.7568462719121092,0.2816442553124029,0.10378157393103915,0.18155575336479993,0.23898498005396346,28.38340787889977,4.762619330883026,129.72
./.logs/cnndm/Llama-3.2-3B-Instruct_Llama-3.2-1B-Instruct_static_en_0.35_DRAFT_LEN12_264_NUM_EXMPLS200_TEMP0.2_DO_SAMPLeFalse.log,20860,26595,0.7843284704466837,0.2952014388768225,0.11305386469151771,0.18786045554621614,0.2494514718309334,30.562192633472222,4.508988764286041,131.745
./.logs/cnndm/Llama-3.2-3B-Instruct_Llama-3.2-1B-Instruct_static_en_0.05_DRAFT_LEN6_264_NUM_EXMPLS200_TEMP0.2_DO_SAMPLeFalse.log,18463,25207,0.7324262139003491,0.2848316778987249,0.1071194310215895,0.1814129556922084,0.24150647761467142,29.132686187836807,4.667903668880463,129.575
./.logs/cnndm/Llama-3.2-3B-Instruct_Llama-3.2-1B-Instruct_static_en_0.3_DRAFT_LEN4_264_NUM_EXMPLS200_TEMP0.2_DO_SAMPLeFalse.log,18054,21887,0.8248355263157895,0.29444676096642,0.11257536538826382,0.18986719236185895,0.24885644155072373,28.89558642275043,4.633720309734344,129.085
./.logs/cnndm/Llama-3.1-8B-Instruct_Llama-3.2-1B-Instruct_static_en_0.2_DRAFT_LEN5_264.log,18158,24190,0.750609730891654,0.3124316464386037,0.12045418630550397,0.1974311553828223,0.2627633805223306,28.1595568757221,4.775893747806549,129.18
./.logs/cnndm/Llama-3.2-3B-Instruct_Llama-3.2-1B-Instruct_static_en_0.1_DRAFT_LEN11_264_NUM_EXMPLS200_TEMP0.2_DO_SAMPLeFalse.log,19757,28052,0.7042740526859872,0.2856310633010398,0.1075813975255584,0.1857498849865651,0.24200143165418553,28.125275953805147,4.901954153776169,131.14
./.logs/cnndm/Llama-3.2-3B-Instruct_Llama-3.2-1B-Instruct_static_en_0.15_DRAFT_LEN15_264_NUM_EXMPLS200_TEMP0.2_DO_SAMPLeFalse.log,20117,28873,0.6967167694119277,0.28899390970804306,0.10755877130042721,0.18457359489004477,0.24301523425610527,27.902301602945627,4.958614012002945,131.54
./.logs/cnndm/Llama-3.2-3B-Instruct_Llama-3.2-1B-Instruct_static_en_0.15_DRAFT_LEN6_264_NUM_EXMPLS200_TEMP0.2_DO_SAMPLeFalse.log,18755,24492,0.7657289837912873,0.28567197763702135,0.10441659555184565,0.18282241725550336,0.2397985358915965,31.269175859809312,4.365186567306519,129.66
./.logs/cnndm/Llama-3.2-3B-Instruct_Llama-3.2-1B-Instruct_static_en_0.4_DRAFT_LEN9_264_NUM_EXMPLS200_TEMP0.2_DO_SAMPLeFalse.log,20396,24767,0.8234819121447028,0.297581446462808,0.1156159280050034,0.19055027800492785,0.2520808175799999,32.54889021812515,4.198911553621292,130.785
./.logs/cnndm/Llama-3.1-8B-Instruct_auto_0.0_DRAFT_LEN5_264_NUM_EXMPLS200_TEMP0.2_DO_SAMPLeFalse.log,0,0,0.0,0.3043554106401643,0.11330499597318597,0.19028988223921278,0.26086739360382627,23.34950459320766,5.594833517074585,128.0
./.logs/cnndm/Llama-3.2-3B-Instruct_Llama-3.2-1B-Instruct_static_en_0.45_DRAFT_LEN11_264_NUM_EXMPLS200_TEMP0.2_DO_SAMPLeFalse.log,20854,25181,0.828131204828846,0.29431235678228806,0.11144504817921572,0.1892962678280239,0.24940468986344033,31.960529038225236,4.283350563049316,131.34
./.logs/cnndm/Llama-3.1-8B-Instruct_Llama-3.2-3B-Instruct_static_en_0.15_DRAFT_LEN4_264_NUM_EXMPLS200_TEMP0.2_DO_SAMPLeFalse.log,17962,22309,0.8051098162259077,0.3045700623157159,0.11375868284321786,0.19306622696602077,0.25587758666192917,19.953465475692937,6.695360857248306,128.96
./.logs/cnndm/Llama-3.2-3B-Instruct_Llama-3.2-1B-Instruct_static_en_0.4_DRAFT_LEN14_264_NUM_EXMPLS200_TEMP0.2_DO_SAMPLeFalse.log,21271,26461,0.8038319099085481,0.2954036614667893,0.11592949331881518,0.1919092054014349,0.25027671877348245,31.682123374603705,4.384721653461456,132.64
./.logs/cnndm/Llama-3.2-3B-Instruct_Llama-3.2-1B-Instruct_sd_0.0_DRAFT_LEN15_264_NUM_EXMPLS200_TEMP0.2_DO_SAMPLeFalse.log,19655,30639,0.6414817232375979,0.28252036423157617,0.10142608784192483,0.18059743902127395,0.24074162290700896,26.90943742706838,5.194846544265747,131.795
./.logs/cnndm/Llama-3.2-3B-Instruct_Llama-3.2-1B-Instruct_static_en_0.05_DRAFT_LEN7_264_NUM_EXMPLS200_TEMP0.2_DO_SAMPLeFalse.log,18764,26144,0.7176898068464334,0.2892814820133208,0.10935125231044862,0.1838332737887145,0.24416896255165887,29.766445533637153,4.613658244609833,129.965
./.logs/cnndm/Llama-3.1-8B-Instruct_Llama-3.2-3B-Instruct_static_en_0.5_DRAFT_LEN3_264_NUM_EXMPLS200_TEMP0.2_DO_SAMPLeFalse.log,17503,19625,0.8918271680423927,0.3093407566847164,0.11760336482451197,0.19473413233520187,0.26004273064534367,21.312649924271653,6.220389178991318,128.675
./.logs/cnndm/Llama-3.2-3B-Instruct_Llama-3.2-1B-Instruct_static_en_0.0_DRAFT_LEN5_264_NUM_EXMPLS200_TEMP0.2_DO_SAMPLeFalse.log,0,260,0.0,0.0,0.0,0.0,0.0,10.024056638927513,0.10764341831207275,1.0
./.logs/cnndm/Llama-3.2-3B-Instruct_Llama-3.2-1B-Instruct_static_en_0.05_DRAFT_LEN4_264_NUM_EXMPLS200_TEMP0.2_DO_SAMPLeFalse.log,17418,22934,0.759450621321125,0.2852152407107482,0.10757699101462292,0.18267725730943862,0.2414625400716625,29.84446553965233,4.535366336107254,128.925
./.logs/cnndm/Llama-3.2-3B-Instruct_Llama-3.2-1B-Instruct_static_en_0.15_DRAFT_LEN7_264_NUM_EXMPLS200_TEMP0.2_DO_SAMPLeFalse.log,19023,25273,0.7526707288122181,0.2875865523477087,0.10588766367096067,0.18452355193812367,0.2424502802632402,31.80055142846503,4.308791326284409,129.78
./.logs/cnndm/Llama-3.2-3B-Instruct_Llama-3.2-1B-Instruct_static_en_0.5_DRAFT_LEN4_264_NUM_EXMPLS200_TEMP0.2_DO_SAMPLeFalse.log,18478,21084,0.8763576001897083,0.29035210667515243,0.11240538841275091,0.18857817599533405,0.24606248084381308,30.878614432314954,4.331705112457275,128.99
./.logs/cnndm/Llama-3.1-8B-Instruct_Llama-3.2-3B-Instruct_sd_0.0_DRAFT_LEN13_264_NUM_EXMPLS200_TEMP0.2_DO_SAMPLeFalse.log,20046,28946,0.6925069955435796,0.3021078669732166,0.11249094418203642,0.19123981381862498,0.2578584317586641,18.125724771776742,7.568533219099045,131.225
./.logs/cnndm/Llama-3.2-3B-Instruct_Llama-3.2-1B-Instruct_static_en_0.25_DRAFT_LEN8_264_NUM_EXMPLS200_TEMP0.2_DO_SAMPLeFalse.log,19722,25395,0.7765789888171366,0.2912668089578112,0.10967945937148653,0.18798341209706954,0.24696889726084387,29.56135040156953,4.60784283876419,130.255
./.logs/cnndm/Llama-3.1-8B-Instruct_Llama-3.2-3B-Instruct_static_en_0.0_DRAFT_LEN4_264_NUM_EXMPLS200_TEMP0.2_DO_SAMPLeFalse.log,0,312,0.0,0.0,0.0,0.0,0.0,5.732103803480498,0.18783705949783325,1.0
./.logs/cnndm/Llama-3.2-3B-Instruct_Llama-3.2-1B-Instruct_static_en_0.5_DRAFT_LEN11_264_NUM_EXMPLS200_TEMP0.2_DO_SAMPLeFalse.log,21032,25046,0.8397013614404919,0.2895185624900922,0.11145116790350032,0.18736962793630774,0.2455425132912289,33.39562723895912,4.097577790021896,131.3
./.logs/cnndm/Llama-3.2-3B-Instruct_Llama-3.2-1B-Instruct_static_en_0.2_DRAFT_LEN15_264_NUM_EXMPLS200_TEMP0.2_DO_SAMPLeFalse.log,20516,28782,0.7127818503978043,0.28667631751431144,0.1099985448067514,0.18710331038583589,0.2436510854370907,29.62498566673542,4.718565101623535,132.095
./.logs/cnndm/Llama-3.2-3B-Instruct_Llama-3.2-1B-Instruct_static_en_0.2_DRAFT_LEN10_264_NUM_EXMPLS200_TEMP0.2_DO_SAMPLeFalse.log,20026,26980,0.7422260108965568,0.2911168466513039,0.11269589217157097,0.19035416152178125,0.2471184254132766,28.72402285058089,4.788579784631729,131.14
./.logs/cnndm/Llama-3.2-3B-Instruct_Llama-3.2-1B-Instruct_static_en_0.35_DRAFT_LEN13_264_NUM_EXMPLS200_TEMP0.2_DO_SAMPLeFalse.log,20947,26767,0.782538852361028,0.3003551600578776,0.11747935443138766,0.19212669889458991,0.253348557549736,32.32088844652096,4.2915165853500366,131.88
./.logs/cnndm/Llama-3.1-8B-Instruct_Llama-3.2-3B-Instruct_static_en_0.05_DRAFT_LEN5_264_NUM_EXMPLS200_TEMP0.2_DO_SAMPLeFalse.log,18409,23782,0.7740402808728924,0.3054999530852801,0.11371035640717492,0.19180125058907144,0.26108144085195173,20.053727322676256,6.7405334973335265,129.19
./.logs/cnndm/Llama-3.2-3B-Instruct_Llama-3.2-1B-Instruct_static_en_0.3_DRAFT_LEN5_264_NUM_EXMPLS200_TEMP0.2_DO_SAMPLeFalse.log,18700,22977,0.8138219166158934,0.2935926071546785,0.1101650207656383,0.18782917376261288,0.24796629232028122,30.307284955949566,4.4486581683158875,129.425
./.logs/cnndm/Llama-3.2-8B-Instruct_auto_0.0_DRAFT_LEN5_264_NUM_EXMPLS200_TEMP0.2_DO_SAMPLeFalse.log,0,0,0.0,,,,,,,
./.logs/cnndm/Llama-3.1-8B-Instruct_Llama-3.2-1B-Instruct_static_en_0.4_DRAFT_LEN5_264.log,18857,23017,0.819228429924407,0.3113030876298305,0.11800409150609453,0.19945765736122834,0.2612268642937883,30.910933121473214,4.3775133037567135,129.305
./.logs/cnndm/Llama-3.2-3B-Instruct_Llama-3.2-1B-Instruct_static_en_0.05_DRAFT_LEN14_264_NUM_EXMPLS200_TEMP0.2_DO_SAMPLeFalse.log,19837,29389,0.6749574685267098,0.2844237298267981,0.10565061190830026,0.1806563721252975,0.23911030661709182,28.28384590061691,4.937348818778991,131.46
./.logs/cnndm/Llama-3.1-8B-Instruct_Llama-3.2-1B-Instruct_TEMP0.7_reinforce_AdamW_reg_scale10_target0.3_5e-4_232.log,0,0,0.0,,,,,,,
./.logs/cnndm/Llama-3.2-3B-Instruct_Llama-3.2-1B-Instruct_static_en_0.35_DRAFT_LEN11_264_NUM_EXMPLS200_TEMP0.2_DO_SAMPLeFalse.log,20634,26273,0.7853391185202101,0.2949526872043641,0.11246091256020738,0.18823866445617138,0.24775090907866737,29.92021884381627,4.576908789873123,131.375
./.logs/cnndm/Llama-3.2-3B-Instruct_Llama-3.2-1B-Instruct_static_en_0.1_DRAFT_LEN9_264_NUM_EXMPLS200_TEMP0.2_DO_SAMPLeFalse.log,19407,26939,0.7203786191536748,0.2880870551096275,0.10845374889492707,0.18712295818758673,0.245830838849656,28.50583588077831,4.812204596996307,130.46
./.logs/cnndm/Llama-3.2-3B-Instruct_Llama-3.2-1B-Instruct_static_en_0.4_DRAFT_LEN15_264_NUM_EXMPLS200_TEMP0.2_DO_SAMPLeFalse.log,21254,26636,0.7979126778541127,0.2951405042217645,0.11463496329547371,0.1895845167262922,0.2500171317866279,31.49498785198536,4.39099470615387,132.245
./.logs/cnndm/Llama-3.1-8B-Instruct_Llama-3.2-1B-Instruct_TEMP0.7_reinforce_AdamW_reg_scale10_target0.3_5e-4_360.log,0,0,0.0,,,,,,,
./.logs/cnndm/Llama-3.2-3B-Instruct_Llama-3.2-1B-Instruct_static_en_0.3_DRAFT_LEN15_264_NUM_EXMPLS200_TEMP0.2_DO_SAMPLeFalse.log,20839,27975,0.7448884758364313,0.29739636830215677,0.11481878007289134,0.19018477447321108,0.25118118652116445,29.6562259916749,4.6764524304866795,132.26
./.logs/cnndm/Llama-3.2-3B-Instruct_Llama-3.2-1B-Instruct_sd_0.0_DRAFT_LEN10_264_NUM_EXMPLS200_TEMP0.2_DO_SAMPLeFalse.log,18981,28686,0.6616585909994074,0.28616201246641143,0.10417862947750808,0.18383729207975602,0.24324235683788992,27.813973500211628,4.991868131160736,130.425
./.logs/cnndm/Llama-3.1-8B-Instruct_Llama-3.2-1B-Instruct_static_0.4.log,0,0,0.0,,,,,,,
./.logs/cnndm/Llama-3.2-3B-Instruct_Llama-3.2-1B-Instruct_static_en_0.25_DRAFT_LEN9_264_NUM_EXMPLS200_TEMP0.2_DO_SAMPLeFalse.log,19865,25893,0.7671661388738704,0.29369668704906,0.11132157117368133,0.19104348294880158,0.25043242718779823,30.186745924116135,4.532978550195694,130.4
./.logs/cnndm/Llama-3.1-8B-Instruct_Llama-3.2-3B-Instruct_sd_0.0_DRAFT_LEN15_264_NUM_EXMPLS200_TEMP0.2_DO_SAMPLeFalse.log,20188,29516,0.6839448453433614,0.30081197122600145,0.11268742613517149,0.19106471831500843,0.2577344997909588,18.477739163463525,7.45820197224617,131.48
./.logs/cnndm/Llama-3.2-3B-Instruct_Llama-3.2-1B-Instruct_static_en_0.1_DRAFT_LEN12_264_NUM_EXMPLS200_TEMP0.2_DO_SAMPLeFalse.log,19784,28446,0.6954687664780117,0.28563934519553036,0.10722640307349186,0.18624866825420416,0.2439665428247737,27.947086947280173,4.942748364210129,131.02
./.logs/cnndm/Llama-3.2-3B-Instruct_Llama-3.2-1B-Instruct_static_en_0.4_DRAFT_LEN3_264_NUM_EXMPLS200_TEMP0.2_DO_SAMPLeFalse.log,17304,20111,0.860381861575179,0.297278225644628,0.11571567959402347,0.19140671870700193,0.25057665445515886,32.47609869715494,4.135866839885711,128.73
./.logs/cnndm/Llama-3.1-8B-Instruct_Llama-3.2-3B-Instruct_static_en_0.1_DRAFT_LEN4_264_NUM_EXMPLS200_TEMP0.2_DO_SAMPLeFalse.log,17851,22478,0.7941189554695494,0.3093209149302243,0.11598148294589493,0.1965005235749398,0.26167348802538815,21.850205682736863,6.160488919019699,128.99
./.logs/cnndm/Llama-3.2-3B-Instruct_Llama-3.2-1B-Instruct_static_en_0.15_DRAFT_LEN9_264_NUM_EXMPLS200_TEMP0.2_DO_SAMPLeFalse.log,19469,26443,0.7362350627741643,0.28964357791156525,0.10901752687060265,0.1877396348834483,0.24579515665855295,29.164119040268773,4.6906604325771335,130.29
./.logs/cnndm/Llama-3.2-3B-Instruct_Llama-3.2-1B-Instruct_static_en_0.3_DRAFT_LEN13_264_NUM_EXMPLS200_TEMP0.2_DO_SAMPLeFalse.log,20616,27246,0.7566337578449004,0.2990213760578013,0.11625572799036091,0.19252406456124577,0.2537010353278667,30.392900121082274,4.543948490619659,131.54
./.logs/cnndm/Llama-3.1-8B-Instruct_Llama-3.2-3B-Instruct_static_en_0.25_DRAFT_LEN3_264_NUM_EXMPLS200_TEMP0.2_DO_SAMPLeFalse.log,17152,20356,0.8425602986687626,0.3102047174845689,0.11793715498128263,0.19269285389686197,0.2585256208957122,23.17078721688681,5.788350247144699,128.73
./.logs/cnndm/Llama-3.2-3B-Instruct_Llama-3.2-1B-Instruct_static_en_0.4_DRAFT_LEN13_264_NUM_EXMPLS200_TEMP0.2_DO_SAMPLeFalse.log,20972,26070,0.8044187027731963,0.2993601630134668,0.1187559307649014,0.19332033575403626,0.25447405429076647,31.142896012535356,4.415710352659225,131.72
./.logs/cnndm/Llama-3.2-3B-Instruct_Llama-3.2-1B-Instruct_static_en_0.45_DRAFT_LEN9_264_NUM_EXMPLS200_TEMP0.2_DO_SAMPLeFalse.log,20473,24503,0.835496245510937,0.29620918756400044,0.11286036110966177,0.19039552635007564,0.25119958098697204,31.224223402570896,4.3636570489406585,130.98
./.logs/cnndm/Llama-3.2-3B-Instruct_Llama-3.2-1B-Instruct_static_en_0.5_DRAFT_LEN7_264_NUM_EXMPLS200_TEMP0.2_DO_SAMPLeFalse.log,20023,23405,0.8554644108348287,0.2913928390892747,0.11275680179749281,0.18950399071795643,0.2477940459448319,32.03403790500054,4.214522848129272,129.985
./.logs/cnndm/Llama-3.1-8B-Instruct_Llama-3.2-1B-Instruct_sd_en_0.0_DRAFT_LEN5_264.log,18428,23460,0.7854737649716551,0.31485590967780336,0.12246265583493735,0.1988624391063862,0.2644498799186473,30.623501539911267,4.4035453033447265,129.22
./.logs/cnndm/Llama-3.2-3B-Instruct_Llama-3.2-1B-Instruct_static_en_0.25_DRAFT_LEN5_264_NUM_EXMPLS200_TEMP0.2_DO_SAMPLeFalse.log,18596,23151,0.8032135452660677,0.28868788655807853,0.10898934304847249,0.18692140831631723,0.24532270832463682,29.24055415891986,4.598684270381927,129.305
./.logs/cnndm/Llama-3.1-8B-Instruct_Llama-3.2-1B-Instruct_TEMP0.7_reinforce_AdamW_reg_scale10_target0.3_5e-4_128.log,0,0,0.0,,,,,,,
./.logs/cnndm/Llama-3.1-8B-Instruct_Llama-3.2-3B-Instruct_static_en_0.3_DRAFT_LEN3_264_NUM_EXMPLS200_TEMP0.2_DO_SAMPLeFalse.log,17214,20214,0.8515458817709621,0.3088082151676217,0.11873309420013708,0.19355370443066933,0.25778079380073693,20.73768250590004,6.426699455976486,128.76
./.logs/cnndm/Llama-3.2-3B-Instruct_Llama-3.2-1B-Instruct_static_en_0.5_DRAFT_LEN9_264_NUM_EXMPLS200_TEMP0.2_DO_SAMPLeFalse.log,20636,24295,0.8493579189990121,0.29071966236794045,0.11148920250789913,0.18722187936548595,0.24661054578501257,31.840211180751304,4.265065453052521,130.98
./.logs/cnndm/Llama-3.1-8B-Instruct_Llama-3.2-1B-Instruct_sd_0.0_DRAFT_LEN5_264.log,0,0,0.0,,,,,,,
./.logs/cnndm/Llama-3.2-3B-Instruct_Llama-3.2-1B-Instruct_static_en_0.15_DRAFT_LEN4_264_NUM_EXMPLS200_TEMP0.2_DO_SAMPLeFalse.log,17559,22422,0.7830798733443339,0.2888602042105244,0.10731298699130419,0.18545069477636666,0.24461100192043225,28.430493772460874,4.733056230545044,128.875
./.logs/cnndm/Llama-3.2-3B-Instruct_Llama-3.2-1B-Instruct_static_en_0.2_DRAFT_LEN12_264_NUM_EXMPLS200_TEMP0.2_DO_SAMPLeFalse.log,20170,27502,0.7333745409591681,0.28671212347181646,0.10995366487942493,0.18755915899810094,0.24538087658172378,30.487361154476126,4.544138104915619,130.985
./.logs/cnndm/Llama-3.2-3B-Instruct_Llama-3.2-1B-Instruct_static_en_0.25_DRAFT_LEN3_264_NUM_EXMPLS200_TEMP0.2_DO_SAMPLeFalse.log,17025,20556,0.828185046456195,0.29385025594774306,0.11022312028301055,0.19012128006314308,0.24782599474182376,31.100347602315697,4.3233914625644685,128.76
./.logs/cnndm/Llama-3.2-3B-Instruct_Llama-3.2-1B-Instruct_static_en_0.05_DRAFT_LEN11_264_NUM_EXMPLS200_TEMP0.2_DO_SAMPLeFalse.log,19548,28390,0.6885280546652108,0.2845902360918636,0.10744262466794446,0.18233781952297523,0.24015444624383253,28.536763516582607,4.860217641592026,131.12
./.logs/cnndm/Llama-3.2-3B-Instruct_Llama-3.2-1B-Instruct_static_en_0.2_DRAFT_LEN6_264_NUM_EXMPLS200_TEMP0.2_DO_SAMPLeFalse.log,18973,24240,0.7826822325811641,0.2875355347947144,0.10780806163865614,0.18574170535320306,0.24353693959144812,29.358866965906223,4.613206181526184,129.63
./.logs/cnndm/Llama-3.2-3B-Instruct_Llama-3.2-1B-Instruct_sd_0.0_DRAFT_LEN14_264_NUM_EXMPLS200_TEMP0.2_DO_SAMPLeFalse.log,19571,30139,0.6493364299933643,0.282983735920307,0.10176753559831578,0.18087782352884257,0.2408223219091048,27.245246177323214,5.144839799404144,131.465
./.logs/cnndm/Llama-3.1-8B-Instruct_Llama-3.2-1B-Instruct_TEMP0.7_reinforce_AdamW_reg_scale10_target0.3_5e-4_328.log,0,0,0.0,,,,,,,
./.logs/cnndm/Llama-3.2-3B-Instruct_Llama-3.2-1B-Instruct_static_en_0.4_DRAFT_LEN10_264_NUM_EXMPLS200_TEMP0.2_DO_SAMPLeFalse.log,20588,25284,0.8142376903302353,0.29677736696294355,0.11622676307432375,0.19190232353670994,0.251625431197959,32.75630028595574,4.197537022829056,130.955
./.logs/cnndm/Llama-3.2-3B-Instruct_Llama-3.2-1B-Instruct_static_en_0.0_DRAFT_LEN3_264_NUM_EXMPLS200_TEMP0.2_DO_SAMPLeFalse.log,0,234,0.0,0.0,0.0,0.0,0.0,10.118126358184902,0.10426440834999084,1.0
./.logs/cnndm/Llama-3.2-3B-Instruct_Llama-3.2-1B-Instruct_static_en_0.35_DRAFT_LEN9_264_NUM_EXMPLS200_TEMP0.2_DO_SAMPLeFalse.log,20262,25341,0.7995422618577855,0.29556815663897984,0.114293355148821,0.1911117105220323,0.24987648389787745,30.842086353471576,4.435963846445084,130.77
./.logs/cnndm/Llama-3.2-3B-Instruct_Llama-3.2-1B-Instruct_static_en_0.0_DRAFT_LEN6_264_NUM_EXMPLS200_TEMP0.2_DO_SAMPLeFalse.log,0,269,0.0,0.0,0.0,0.0,0.0,10.068429517205253,0.10757316589355469,1.0
./.logs/cnndm/Llama-3.1-8B-Instruct_Llama-3.2-1B-Instruct_auto_0.0_DRAFT_LEN20_264.log,0,0,0.0,0.3046235557465897,0.11285970504821777,0.19043551945135156,0.26079713985563435,26.268064256582047,5.00944912314415,128.0
./.logs/cnndm/Llama-3.2-3B-Instruct_Llama-3.2-1B-Instruct_static_en_0.0_DRAFT_LEN9_264_NUM_EXMPLS200_TEMP0.2_DO_SAMPLeFalse.log,0,280,0.0,0.0,0.0,0.0,0.0,9.903130627600467,0.11127730011940003,1.0
./.logs/cnndm/Llama-3.1-8B-Instruct_Llama-3.2-3B-Instruct_sd_0.0_DRAFT_LEN11_264_NUM_EXMPLS200_TEMP0.2_DO_SAMPLeFalse.log,19805,28236,0.7013847080072245,0.3019251692157693,0.11253958905079067,0.19096445542049595,0.2566535512989554,19.90483471387503,6.911259242296219,130.655
./.logs/cnndm/Llama-3.1-8B-Instruct_Llama-3.2-3B-Instruct_static_en_0.1_DRAFT_LEN5_264_NUM_EXMPLS200_TEMP0.2_DO_SAMPLeFalse.log,18511,23658,0.7824083858151232,0.3088667325803805,0.1156529744488474,0.19448294682945008,0.26069512236006964,19.392842821513714,6.90655397772789,129.29
./.logs/cnndm/Llama-3.1-8B-Instruct_Llama-3.2-3B-Instruct_sd_0.0_DRAFT_LEN10_264_NUM_EXMPLS200_TEMP0.2_DO_SAMPLeFalse.log,19659,27730,0.7089178176048465,0.30080685661403583,0.11269132968785427,0.19040226050431858,0.2573168814616883,18.038993283254573,7.532188595533371,130.51
./.logs/cnndm/Llama-3.2-3B-Instruct_Llama-3.2-1B-Instruct_static_en_0.4_DRAFT_LEN7_264_NUM_EXMPLS200_TEMP0.2_DO_SAMPLeFalse.log,19881,23833,0.8341444994545607,0.29611465927466857,0.11426837300331252,0.19063477280380414,0.251223633198848,32.14135787936345,4.211682015657425,129.81
./.logs/cnndm/Llama-3.2-3B-Instruct_Llama-3.2-1B-Instruct_static_en_0.3_DRAFT_LEN9_264_NUM_EXMPLS200_TEMP0.2_DO_SAMPLeFalse.log,19990,25558,0.7821119762119019,0.29531823691820924,0.11242579061818175,0.19009875575181118,0.2503798108222957,31.27094754908896,4.371551537513733,130.245
./.logs/cnndm/Llama-3.1-8B-Instruct_Llama-3.2-3B-Instruct_sd_0.0_DRAFT_LEN3_264_NUM_EXMPLS200_TEMP0.2_DO_SAMPLeFalse.log,16793,21170,0.7932076897643002,0.30157038230750033,0.11309551055777115,0.1907712764117458,0.25678288965806817,19.859750814255783,6.727601821422577,128.585
./.logs/cnndm/Llama-3.2-3B-Instruct_Llama-3.2-1B-Instruct_static_en_0.25_DRAFT_LEN12_264_NUM_EXMPLS200_TEMP0.2_DO_SAMPLeFalse.log,20436,27150,0.7526794593200987,0.2926914685957558,0.11207749750829422,0.19049126610572364,0.24802070452962643,32.105269185179004,4.332774685621262,131.31
./.logs/cnndm/Llama-3.1-8B-Instruct_Llama-3.2-3B-Instruct_sd_0.0_DRAFT_LEN4_264_NUM_EXMPLS200_TEMP0.2_DO_SAMPLeFalse.log,17693,22988,0.769628952977511,0.30280186650876273,0.11149046048332154,0.1900955419432731,0.25791004031599873,20.978716387675195,6.445776128768921,129.005
./.logs/cnndm/Llama-3.1-8B-Instruct_Llama-3.2-3B-Instruct_static_en_0.4_DRAFT_LEN3_264_NUM_EXMPLS200_TEMP0.2_DO_SAMPLeFalse.log,17307,19911,0.8691743672157493,0.306160845630623,0.11620772281759228,0.19066704492787578,0.2570870738579839,20.36991199275344,6.495793809890747,128.69
./.logs/cnndm/Llama-3.2-3B-Instruct_Llama-3.2-1B-Instruct_static_en_0.1_DRAFT_LEN15_264_NUM_EXMPLS200_TEMP0.2_DO_SAMPLeFalse.log,20143,29593,0.6806447252821518,0.28540203782725065,0.10748225565127267,0.18585869548739808,0.24244025521887685,27.79008306795684,5.0106895899772645,131.92
./.logs/cnndm/Llama-3.1-8B-Instruct_Llama-3.2-3B-Instruct_sd_0.0_DRAFT_LEN6_264_NUM_EXMPLS200_TEMP0.2_DO_SAMPLeFalse.log,18772,25200,0.7448910757509623,0.3030488265558045,0.11253898814803778,0.19108923945704592,0.25863098722801153,19.00685899808944,7.103013969659806,129.67
./.logs/cnndm/Llama-3.2-3B-Instruct_Llama-3.2-1B-Instruct_static_en_0.0_DRAFT_LEN14_264_NUM_EXMPLS200_TEMP0.2_DO_SAMPLeFalse.log,0,286,0.0,0.0,0.0,0.0,0.0,9.902480938676756,0.11250764846801758,1.0
./.logs/cnndm/Llama-3.2-3B-Instruct_Llama-3.2-1B-Instruct_static_en_0.05_DRAFT_LEN9_264_NUM_EXMPLS200_TEMP0.2_DO_SAMPLeFalse.log,19157,27315,0.7013105872016401,0.2840751159243715,0.10580463075328309,0.1817031199120056,0.24143135814562589,29.065928424097045,4.735548977851868,130.17
./.logs/cnndm/Llama-3.1-8B-Instruct_Llama-3.2-1B-Instruct_TEMP0.7_reinforce_AdamW_reg_scale10_target0.3_5e-4_32.log,0,0,0.0,,,,,,,
./.logs/cnndm/Llama-3.1-8B-Instruct_Llama-3.2-3B-Instruct_static_en_0.4_DRAFT_LEN4_264_NUM_EXMPLS200_TEMP0.2_DO_SAMPLeFalse.log,18307,21247,0.8615869728915663,0.30377946969575226,0.11476491773413028,0.18854403589941954,0.25383866085697493,20.80893638615805,6.3836693811416625,128.905
./.logs/cnndm/Llama-3.1-8B-Instruct_Llama-3.2-1B-Instruct_static_0.2.log,0,0,0.0,,,,,,,
./.logs/cnndm/Llama-3.2-3B-Instruct_Llama-3.2-1B-Instruct_static_en_0.45_DRAFT_LEN15_264_NUM_EXMPLS200_TEMP0.2_DO_SAMPLeFalse.log,21253,26220,0.810533541817627,0.29276041772632844,0.11261537891672291,0.18907513108277757,0.2487131828881642,33.631266692877006,4.128047380447388,132.17
./.logs/cnndm/Llama-3.1-8B-Instruct_Llama-3.2-1B-Instruct_sd_en_0.0_DRAFT_LEN10_264.log,19857,26799,0.7409328358208955,0.3167530405047713,0.12446898373394441,0.19997616925770645,0.266167258763229,28.162258650264913,4.851608738899231,130.36
./.logs/cnndm/Llama-3.2-3B-Instruct_Llama-3.2-1B-Instruct_static_en_0.0_DRAFT_LEN7_264_NUM_EXMPLS200_TEMP0.2_DO_SAMPLeFalse.log,0,274,0.0,0.0,0.0,0.0,0.0,10.082862032771386,0.10879512190818787,1.0
./.logs/cnndm/Llama-3.1-8B-Instruct_Llama-3.2-1B-Instruct_static_0.8.log,0,0,0.0,,,,,,,
./.logs/cnndm/Llama-3.1-8B-Instruct_Llama-3.2-3B-Instruct_static_en_0.35_DRAFT_LEN3_264_NUM_EXMPLS200_TEMP0.2_DO_SAMPLeFalse.log,17250,20111,0.8576968973747017,0.3081066115342783,0.11661907229157414,0.19093852789356427,0.2572644931181002,21.11269374718339,6.295160554647445,128.67
./.logs/cnndm/Llama-3.2-3B-Instruct_Llama-3.2-1B-Instruct_static_en_0.25_DRAFT_LEN7_264_NUM_EXMPLS200_TEMP0.2_DO_SAMPLeFalse.log,19350,24752,0.7817234274633378,0.29335543564874395,0.11018880909308826,0.19026915502428524,0.2495607502578191,33.36626724341237,4.087137498855591,129.765
./.logs/cnndm/Llama-3.2-3B-Instruct_Llama-3.2-1B-Instruct_sd_0.0_DRAFT_LEN11_264_NUM_EXMPLS200_TEMP0.2_DO_SAMPLeFalse.log,19150,29106,0.6579173394716048,0.2841383894765384,0.10354558796740501,0.18151249227955318,0.24192285580942913,28.5185606997778,4.8696133744716645,130.695
./.logs/cnndm/Llama-3.1-8B-Instruct_Llama-3.2-1B-Instruct_static_en_0.7_DRAFT_LEN5_264.log,19639,21533,0.9119996284944738,0.29021044954516473,0.10760351586726719,0.18613507550182695,0.24460670508485993,32.50122619185536,4.143621823787689,129.575
./.logs/cnndm/Llama-3.2-3B-Instruct_Llama-3.2-1B-Instruct_sd_0.0_DRAFT_LEN5_264_NUM_EXMPLS200_TEMP0.2_DO_SAMPLeFalse.log,17856,24630,0.7249401161138402,0.28344353062870375,0.1032798196861188,0.1797339981737065,0.24062636148697172,27.35797254175405,4.936915484666824,129.4
./.logs/cnndm/Llama-3.2-3B-Instruct_Llama-3.2-1B-Instruct_static_en_0.45_DRAFT_LEN7_264_NUM_EXMPLS200_TEMP0.2_DO_SAMPLeFalse.log,19953,23504,0.8488832163369496,0.2950819776074117,0.11267042804335317,0.19041003998565645,0.24979332165392482,31.22028969310949,4.307553906440734,129.685
./.logs/cnndm/Llama-3.1-8B-Instruct_Llama-3.2-3B-Instruct_static_en_0.15_DRAFT_LEN5_264_NUM_EXMPLS200_TEMP0.2_DO_SAMPLeFalse.log,18672,23392,0.7981874919847818,0.3050283512767916,0.11316376787671131,0.1926865527949621,0.25637420232972424,20.656371910664337,6.510101754665374,129.4
./.logs/cnndm/Llama-3.2-3B-Instruct_Llama-3.2-1B-Instruct_static_en_0.15_DRAFT_LEN3_264_NUM_EXMPLS200_TEMP0.2_DO_SAMPLeFalse.log,16723,20860,0.80163942284646,0.285774958934646,0.10508741220251025,0.18275441191534364,0.24081434570919202,27.957824239759177,4.759028282165527,128.725
./.logs/cnndm/Llama-3.2-3B-Instruct_Llama-3.2-1B-Instruct_static_en_0.2_DRAFT_LEN4_264_NUM_EXMPLS200_TEMP0.2_DO_SAMPLeFalse.log,17831,22152,0.8049022705728344,0.2887120098574438,0.1095339982306904,0.18928005073254528,0.24694435641621557,29.036770422923368,4.6205623805522915,128.835
./.logs/cnndm/Llama-3.1-8B-Instruct_Llama-3.2-1B-Instruct_static_0.3.log,0,0,0.0,,,,,,,
./.logs/cnndm/Llama-3.2-3B-Instruct_Llama-3.2-1B-Instruct_static_en_0.25_DRAFT_LEN13_264_NUM_EXMPLS200_TEMP0.2_DO_SAMPLeFalse.log,20493,27475,0.7458509244431504,0.2918569891507899,0.11142369939043505,0.1902018179959844,0.24823060508863853,29.642031366335235,4.665094368457794,131.485
./.logs/cnndm/Llama-3.2-3B-Instruct_Llama-3.2-1B-Instruct_static_en_0.1_DRAFT_LEN14_264_NUM_EXMPLS200_TEMP0.2_DO_SAMPLeFalse.log,20034,29268,0.6844784584372544,0.28460151358383373,0.10697475424720745,0.18572166285307073,0.24161881959591092,27.586900670042755,5.0540071392059325,131.7
./.logs/cnndm/Llama-3.2-3B-Instruct_Llama-3.2-1B-Instruct_static_en_0.4_DRAFT_LEN8_264_NUM_EXMPLS200_TEMP0.2_DO_SAMPLeFalse.log,20088,24516,0.8193498388873027,0.2940599625865672,0.11431883286259736,0.18746158866917734,0.2498623245875069,33.18969403261976,4.129969930648803,130.375
./.logs/cnndm/Llama-3.2-3B-Instruct_Llama-3.2-1B-Instruct_static_en_0.35_DRAFT_LEN5_264_NUM_EXMPLS200_TEMP0.2_DO_SAMPLeFalse.log,18781,22801,0.8236558196649417,0.28819502999741,0.10681260229583296,0.1857267126997746,0.24439973953242514,30.41381167369657,4.420607849359512,129.18
./.logs/cnndm/Llama-3.2-3B-Instruct_Llama-3.2-1B-Instruct_static_en_0.35_DRAFT_LEN6_264_NUM_EXMPLS200_TEMP0.2_DO_SAMPLeFalse.log,19367,23630,0.819559053785282,0.2973525341404998,0.11589602854996198,0.19088807281954984,0.2512990446849631,31.417475316163095,4.320818668603897,129.88
./.logs/cnndm/Llama-3.2-3B-Instruct_Llama-3.2-1B-Instruct_static_en_0.2_DRAFT_LEN11_264_NUM_EXMPLS200_TEMP0.2_DO_SAMPLeFalse.log,20087,27131,0.7403435058233819,0.2874180132110268,0.11007139017904803,0.18735179258630888,0.24431485102855438,29.596280016949258,4.659211781024933,131.02
./.logs/cnndm/Llama-3.2-3B-Instruct_Llama-3.2-1B-Instruct_static_en_0.45_DRAFT_LEN13_264_NUM_EXMPLS200_TEMP0.2_DO_SAMPLeFalse.log,21127,25856,0.8170708125459256,0.2941704779241563,0.11450809957243085,0.19096916468476866,0.2504129537660805,32.142081583268116,4.280196621417999,132.0
./.logs/cnndm/Llama-3.2-3B-Instruct_Llama-3.2-1B-Instruct_static_en_0.15_DRAFT_LEN10_264_NUM_EXMPLS200_TEMP0.2_DO_SAMPLeFalse.log,19631,27055,0.7255691898285038,0.2889701858262824,0.10850466192910405,0.18670772842689395,0.24417797703125296,27.67606400228484,4.9262072670459744,130.475
./.logs/cnndm/Llama-3.1-8B-Instruct_Llama-3.2-3B-Instruct_static_en_0.25_DRAFT_LEN4_264_NUM_EXMPLS200_TEMP0.2_DO_SAMPLeFalse.log,18053,21911,0.8238864549105513,0.3078257952968041,0.115287309058542,0.19225097687882786,0.2578895848431724,22.04439463568258,6.099108015298843,129.09
./.logs/cnndm/Llama-3.2-3B-Instruct_Llama-3.2-1B-Instruct_static_en_0.25_DRAFT_LEN6_264_NUM_EXMPLS200_TEMP0.2_DO_SAMPLeFalse.log,19100,24002,0.7957338666000083,0.2958260181013563,0.1123586222745287,0.19239052891648117,0.2515354125848526,29.40910552194538,4.59783224105835,129.515
./.logs/cnndm/Llama-3.1-8B-Instruct_Llama-3.2-3B-Instruct_static_en_0.5_DRAFT_LEN4_264_NUM_EXMPLS200_TEMP0.2_DO_SAMPLeFalse.log,18492,20891,0.8851234922458358,0.30541792572005944,0.11398577985804417,0.1911551215839067,0.2572709347077683,21.97719796006939,6.078333312273026,129.07
./.logs/cnndm/Llama-3.1-8B-Instruct_Llama-3.2-1B-Instruct_TEMP0.7_reinforce_AdamW_reg_scale10_target0.3_5e-4_264.log,0,0,0.0,,,,,,,
./.logs/cnndm/Llama-3.1-8B-Instruct_Llama-3.2-3B-Instruct_static_en_0.0_DRAFT_LEN5_264_NUM_EXMPLS200_TEMP0.2_DO_SAMPLeFalse.log,0,335,0.0,0.0,0.0,0.0,0.0,5.668346169875824,0.19382530689239502,1.0
./.logs/cnndm/Llama-3.1-8B-Instruct_Llama-3.2-3B-Instruct_static_en_0.2_DRAFT_LEN4_264_NUM_EXMPLS200_TEMP0.2_DO_SAMPLeFalse.log,17990,22078,0.8148013949907151,0.3023230688588824,0.11221438688959787,0.19009201369575715,0.2546706469901281,21.448632349007866,6.266323765516281,129.02
./.logs/cnndm/Llama-3.1-8B-Instruct_Llama-3.2-1B-Instruct_static_en_0.6_DRAFT_LEN5_264.log,19327,21918,0.8817464300378667,0.29322781387500824,0.10882295826758631,0.18599833107670727,0.24740742381242403,31.17709628935998,4.325945885181427,129.495
./.logs/cnndm/Llama-3.2-3B-Instruct_Llama-3.2-1B-Instruct_sd_0.0_DRAFT_LEN7_264_NUM_EXMPLS200_TEMP0.2_DO_SAMPLeFalse.log,18480,26642,0.6936155838306497,0.2869144614308202,0.10373508707935286,0.1826962488697602,0.24323251606988922,28.66765696537444,4.781979273557663,129.725
./.logs/cnndm/Llama-3.2-3B-Instruct_Llama-3.2-1B-Instruct_static_en_0.45_DRAFT_LEN10_264_NUM_EXMPLS200_TEMP0.2_DO_SAMPLeFalse.log,20635,24878,0.8294143655291611,0.29579286111317593,0.11375681355048162,0.19140295673178842,0.25118057516094583,31.69371963895045,4.2930846118927,130.85
./.logs/cnndm/Llama-3.2-3B-Instruct_Llama-3.2-1B-Instruct_static_en_0.3_DRAFT_LEN3_264_NUM_EXMPLS200_TEMP0.2_DO_SAMPLeFalse.log,17028,20388,0.8351562116827701,0.29510537476727194,0.11139763630287858,0.18788839830825566,0.24927881058052853,29.44432838787875,4.527917219400406,128.68
./.logs/cnndm/Llama-3.2-3B-Instruct_Llama-3.2-1B-Instruct_static_en_0.0_DRAFT_LEN12_264_NUM_EXMPLS200_TEMP0.2_DO_SAMPLeFalse.log,0,284,0.0,0.0,0.0,0.0,0.0,9.965898850136632,0.11166292190551758,1.0
./.logs/cnndm/Llama-3.2-3B-Instruct_Llama-3.2-1B-Instruct_static_en_0.1_DRAFT_LEN4_264_NUM_EXMPLS200_TEMP0.2_DO_SAMPLeFalse.log,17528,22687,0.7725669957686883,0.28526046853471826,0.10759102252312319,0.18404134608487685,0.2414989105529587,29.873158761134622,4.543223688602447,128.85
./.logs/cnndm/Llama-3.2-3B-Instruct_Llama-3.2-1B-Instruct_static_en_0.45_DRAFT_LEN14_264_NUM_EXMPLS200_TEMP0.2_DO_SAMPLeFalse.log,21230,26031,0.8155347264904733,0.29194741761365905,0.1131961813998737,0.1896200657626709,0.24843991455421027,32.628657554601624,4.2580286860466,132.37
./.logs/cnndm/Llama-3.2-3B-Instruct_auto_0.0_DRAFT_LEN5_264_NUM_EXMPLS200_TEMP0.2_DO_SAMPLeFalse.log,0,0,0.0,0.2837589430570181,0.10367678683003481,0.1814658958506457,0.24039893481059532,26.341523398333667,4.968462227582932,128.0
./.logs/cnndm/Llama-3.2-3B-Instruct_Llama-3.2-1B-Instruct_static_en_0.2_DRAFT_LEN14_264_NUM_EXMPLS200_TEMP0.2_DO_SAMPLeFalse.log,20454,28446,0.7190213379266707,0.28568179287883533,0.10855219616692356,0.18671114636662065,0.2429105137041411,29.49096586253765,4.712455025911331,131.905
./.logs/cnndm/Llama-3.2-3B-Instruct_Llama-3.2-1B-Instruct_static_en_0.0_DRAFT_LEN10_264_NUM_EXMPLS200_TEMP0.2_DO_SAMPLeFalse.log,0,282,0.0,0.0,0.0,0.0,0.0,9.982613204660558,0.11097556591033936,1.0
./.logs/cnndm/Llama-3.1-8B-Instruct_Llama-3.2-1B-Instruct_static_en_0.1_DRAFT_LEN5_264.log,17795,24816,0.7170487971954709,0.30964642010498133,0.1174778198894337,0.1953932852315652,0.2616997144097915,25.224111495961914,5.3268882477283475,129.225
./.logs/cnndm/Llama-3.2-3B-Instruct_Llama-3.2-1B-Instruct_static_en_0.3_DRAFT_LEN8_264_NUM_EXMPLS200_TEMP0.2_DO_SAMPLeFalse.log,19784,25225,0.7842701974153651,0.2964361286268171,0.11387402645385733,0.18841359812857722,0.25157933529359555,31.628317535333487,4.328751616477966,130.26
./.logs/cnndm/Llama-3.2-3B-Instruct_Llama-3.2-1B-Instruct_static_en_0.3_DRAFT_LEN10_264_NUM_EXMPLS200_TEMP0.2_DO_SAMPLeFalse.log,20284,26223,0.7734899328859061,0.30064212917160604,0.11514926923996563,0.19130297769580912,0.2533074616957045,29.28846215456172,4.664088879823685,131.055
./.logs/cnndm/Llama-3.1-8B-Instruct_Llama-3.2-1B-Instruct_TEMP0.7_reinforce_AdamW_reg_scale10_target0.3_5e-4_392.log,0,0,0.0,,,,,,,
./.logs/cnndm/Llama-3.2-3B-Instruct_Llama-3.2-1B-Instruct_static_en_0.2_DRAFT_LEN13_264_NUM_EXMPLS200_TEMP0.2_DO_SAMPLeFalse.log,20280,27720,0.7315753399949497,0.28752494938132084,0.11086624759201046,0.18956536482709452,0.2457621818378124,34.44923870804101,4.017751652002334,131.21
./.logs/cnndm/Llama-3.2-3B-Instruct_Llama-3.2-1B-Instruct_static_en_0.4_DRAFT_LEN4_264_NUM_EXMPLS200_TEMP0.2_DO_SAMPLeFalse.log,18320,21487,0.8525688756515264,0.29467059983900634,0.11422070968597284,0.19051551070371334,0.24995365539899417,30.277566013831546,4.418596442937851,129.125
./.logs/cnndm/Llama-3.2-3B-Instruct_Llama-3.2-1B-Instruct_static_en_0.3_DRAFT_LEN14_264_NUM_EXMPLS200_TEMP0.2_DO_SAMPLeFalse.log,20750,27479,0.75509461426492,0.29441711304909124,0.11423352917670945,0.18960009838012115,0.24922586683769027,29.572875459090046,4.652730443477631,131.985
./.logs/cnndm/Llama-3.2-3B-Instruct_Llama-3.2-1B-Instruct_static_en_0.35_DRAFT_LEN10_264_NUM_EXMPLS200_TEMP0.2_DO_SAMPLeFalse.log,20543,25980,0.7906931988761018,0.295409201080487,0.11322829808703462,0.18918294752636894,0.24933614192620845,30.400479845737213,4.498657840490341,131.4
./.logs/cnndm/Llama-3.1-8B-Instruct_Llama-3.2-1B-Instruct_static_0.7.log,0,0,0.0,,,,,,,
./.logs/cnndm/Llama-3.1-8B-Instruct_Llama-3.2-1B-Instruct_TEMP0.7_reinforce_AdamW_reg_scale10_target0.3_5e-4_FINAL.log,0,0,0.0,,,,,,,
./.logs/cnndm/Llama-3.1-8B-Instruct_Llama-3.2-3B-Instruct_static_en_0.35_DRAFT_LEN4_264_NUM_EXMPLS200_TEMP0.2_DO_SAMPLeFalse.log,18274,21417,0.853207582407321,0.30470924419973744,0.11399817983613666,0.18874710948320653,0.2541830215779468,21.298101309561847,6.28547089099884,128.86
./.logs/cnndm/Llama-3.1-8B-Instruct_Llama-3.2-1B-Instruct_static_0.1.log,0,0,0.0,,,,,,,
./.logs/cnndm/Llama-3.2-3B-Instruct_Llama-3.2-1B-Instruct_sd_0.0_DRAFT_LEN4_264_NUM_EXMPLS200_TEMP0.2_DO_SAMPLeFalse.log,17256,23305,0.7404101947996224,0.28239349040242967,0.10204122211061245,0.17989454690232326,0.2387333019209773,27.518852381257055,4.901576519012451,129.025
./.logs/cnndm/Llama-3.2-3B-Instruct_Llama-3.2-1B-Instruct_static_en_0.2_DRAFT_LEN3_264_NUM_EXMPLS200_TEMP0.2_DO_SAMPLeFalse.log,16875,20700,0.8151780107241197,0.2883952436320012,0.10655825318362354,0.18586361117827588,0.24313515591332163,31.73735306652644,4.24723956823349,128.675
./.logs/cnndm/Llama-3.1-8B-Instruct_Llama-3.2-1B-Instruct_TEMP0.7_reinforce_AdamW_reg_scale10_target0.3_5e-4_160.log,0,0,0.0,,,,,,,
./.logs/cnndm/Llama-3.2-3B-Instruct_Llama-3.2-1B-Instruct_static_en_0.35_DRAFT_LEN7_264_NUM_EXMPLS200_TEMP0.2_DO_SAMPLeFalse.log,19740,24343,0.8108774235951364,0.29563684882452945,0.1124713056290145,0.19000878928158943,0.24985753021283938,30.575849689110047,4.41812529206276,130.07
./.logs/cnndm/Llama-3.2-3B-Instruct_Llama-3.2-1B-Instruct_static_en_0.05_DRAFT_LEN12_264_NUM_EXMPLS200_TEMP0.2_DO_SAMPLeFalse.log,19660,28911,0.679994465965689,0.2841402722528647,0.1067908453736244,0.18194101208361924,0.24055190230613774,28.60221475889308,4.871931638717651,131.24
./.logs/cnndm/Llama-3.2-3B-Instruct_Llama-3.2-1B-Instruct_static_en_0.1_DRAFT_LEN10_264_NUM_EXMPLS200_TEMP0.2_DO_SAMPLeFalse.log,19573,27524,0.7110990009082652,0.2871567629530639,0.10763283644820909,0.18664753256008398,0.24263999953753926,27.779327190421867,4.939678076505661,130.615
./.logs/cnndm/Llama-3.2-3B-Instruct_Llama-3.2-1B-Instruct_static_en_0.1_DRAFT_LEN5_264_NUM_EXMPLS200_TEMP0.2_DO_SAMPLeFalse.log,18204,23979,0.7591326105087572,0.2823467642284644,0.10496310980336973,0.18343432270855783,0.23900759634012506,29.661057224980333,4.578907854557038,129.375
./.logs/cnndm/Llama-3.1-8B-Instruct_auto_0.0_DRAFT_LEN5_264_NUM_EXMPLS5_TEMP0.2_DO_SAMPLeFalse.log,0,0,0.0,0.2890132153579756,0.06636410506705898,0.18380608219722155,0.22609260802715236,29.04311538264426,4.418419075012207,128.0
./.logs/cnndm/Llama-3.1-8B-Instruct_Llama-3.2-3B-Instruct_sd_0.0_DRAFT_LEN8_264_NUM_EXMPLS200_TEMP0.2_DO_SAMPLeFalse.log,19407,26659,0.7279444861215304,0.3019377658052392,0.11240856431082602,0.19230173660219552,0.2586144081014864,18.6533378592346,7.285267329216003,130.23
./.logs/cnndm/Llama-3.2-3B-Instruct_Llama-3.2-1B-Instruct_static_en_0.2_DRAFT_LEN5_264_NUM_EXMPLS200_TEMP0.2_DO_SAMPLeFalse.log,18428,23485,0.7846376564761985,0.2840016897101277,0.1062985803465856,0.18492429514368397,0.24154557751114952,31.82663340056183,4.261811678409576,129.355
./.logs/cnndm/Llama-3.2-1B-Instruct_auto_0.0_DRAFT_LEN5_264_NUM_EXMPLS200_TEMP0.2_DO_SAMPLeFalse.log,0,0,0.0,0.26618443453814333,0.09523126685539632,0.17262912031480476,0.2233097660778438,44.769557851562766,2.871969258785248,126.705
./.logs/cnndm/Llama-3.2-3B-Instruct_Llama-3.2-1B-Instruct_static_en_0.1_DRAFT_LEN8_264_NUM_EXMPLS200_TEMP0.2_DO_SAMPLeFalse.log,19307,26630,0.7249821636438737,0.28532953489003376,0.10661356159905885,0.1858874821237164,0.241845667513797,27.89077404050353,4.889316120147705,130.425
./.logs/cnndm/Llama-3.2-3B-Instruct_Llama-3.2-1B-Instruct_static_en_0.4_DRAFT_LEN6_264_NUM_EXMPLS200_TEMP0.2_DO_SAMPLeFalse.log,19448,23271,0.8356823650739086,0.2986409374299168,0.11683720620371153,0.19351580361898485,0.2541849721802002,31.38699856109205,4.298921271562576,129.76
./.logs/cnndm/Llama-3.2-3B-Instruct_Llama-3.2-1B-Instruct_static_en_0.25_DRAFT_LEN14_264_NUM_EXMPLS200_TEMP0.2_DO_SAMPLeFalse.log,20671,27773,0.7442572189817815,0.29027060595517945,0.11095228094062748,0.1901867492620498,0.24762751554871235,33.63565753913785,4.136942052841187,132.19
./.logs/cnndm/Llama-3.2-3B-Instruct_Llama-3.2-1B-Instruct_static_en_0.5_DRAFT_LEN13_264_NUM_EXMPLS200_TEMP0.2_DO_SAMPLeFalse.log,21280,25537,0.8332680711097189,0.2928693200889555,0.11655378696592267,0.19155960803394773,0.2503042447827383,36.907227088598106,3.7315971565246584,131.74
./.logs/cnndm/Llama-3.2-3B-Instruct_Llama-3.2-1B-Instruct_static_en_0.05_DRAFT_LEN15_264_NUM_EXMPLS200_TEMP0.2_DO_SAMPLeFalse.log,19914,29761,0.6691082588535716,0.28476916539803654,0.1047579194078109,0.18196434284594665,0.2402905449750195,28.17573546649518,4.946872148513794,131.63
./.logs/cnndm/Llama-3.2-3B-Instruct_Llama-3.2-1B-Instruct_static_en_0.05_DRAFT_LEN10_264_NUM_EXMPLS200_TEMP0.2_DO_SAMPLeFalse.log,19375,27917,0.6939967046350025,0.28376474762760895,0.10719393116984217,0.18201955398679512,0.2405629356522974,28.42476533113112,4.850494595766068,130.65
./.logs/cnndm/gemma-3-12b-it_auto_0.0_DRAFT_LEN5_264_NUM_EXMPLS500_TEMP0.2_DO_SAMPLeTrue.log,0,0,0.0,0.2513552821964208,0.0901025881333514,0.15418393413319437,0.2173155550877558,30.885708576467852,127.18837207889557,127.404
