file,accepted_tokens,total_tokens,acceptance rate,acc,num_tokens_per_sec,total_time,num_tokens
/home/ubuntu/kasasiva_exps_DONOT_DELETE/ziyi_codes_17July2025/backups/.logs/gsm8k/Llama-3.1-8B-Instruct_Llama-3.2-1B-Instruct_sd_en_0.0_DRAFT_LEN10_8.log,60813,75244,0.8081998803907237,0.815,29.12846908410902,12.329657307863236,357.885
/home/ubuntu/kasasiva_exps_DONOT_DELETE/ziyi_codes_17July2025/backups/.logs/gsm8k/Llama-3.1-8B-Instruct_Llama-3.2-1B-Instruct_sd_en_0.0_DRAFT_LEN10_48.log,0,0,0.0,,,,
/home/ubuntu/kasasiva_exps_DONOT_DELETE/ziyi_codes_17July2025/backups/.logs/gsm8k/Qwen3-8B_Qwen-06B_reinforce_equal_l2_reg_scale20_target0.2_5e-4_24.log,0,0,0.0,,,,
/home/ubuntu/kasasiva_exps_DONOT_DELETE/ziyi_codes_17July2025/backups/.logs/gsm8k/Llama-3.1-8B-Instruct_Llama-3.2-1B-Instruct_sd_en_0.0_DRAFT_LEN10_32.log,0,0,0.0,,,,
/home/ubuntu/kasasiva_exps_DONOT_DELETE/ziyi_codes_17July2025/backups/.logs/gsm8k/Llama-3.1-8B-Instruct_Llama-3.2-1B-Instruct_sd_en_0.0_DRAFT_LEN10_28.log,0,0,0.0,,,,
/home/ubuntu/kasasiva_exps_DONOT_DELETE/ziyi_codes_17July2025/backups/.logs/gsm8k/Qwen3-8B_Qwen-06B_reinforce_l2_reg_scale10_target0.6_5e-4_48.log,0,0,0.0,,,,
/home/ubuntu/kasasiva_exps_DONOT_DELETE/ziyi_codes_17July2025/backups/.logs/gsm8k/Llama-3.1-8B-Instruct_Llama-3.2-1B-Instruct_reinforce_equal_l2_reg_scale5_target0.15_5e-4_FINAL.log,0,0,0.0,,,,
/home/ubuntu/kasasiva_exps_DONOT_DELETE/ziyi_codes_17July2025/backups/.logs/gsm8k/Qwen3-8B_Qwen-06B_reinforce_l2_reg_scale10_target0.6_5e-4_24.log,0,0,0.0,,,,
/home/ubuntu/kasasiva_exps_DONOT_DELETE/ziyi_codes_17July2025/backups/.logs/gsm8k/Llama-3.1-8B-Instruct_Llama-3.2-1B-Instruct_static_en_0.15_DRAFT_LEN10_FINAL.log,60646,75579,0.8024080444562054,0.82,23.52372798088468,15.403367941379548,357.91
/home/ubuntu/kasasiva_exps_DONOT_DELETE/ziyi_codes_17July2025/backups/.logs/gsm8k/Llama-3.1-8B-Instruct_Llama-3.2-1B-Instruct_sd_en_0.0_DRAFT_LEN10_12.log,60809,75297,0.8075778905150203,0.815,29.322570120896707,12.252347881793975,357.955
/home/ubuntu/kasasiva_exps_DONOT_DELETE/ziyi_codes_17July2025/backups/.logs/gsm8k/Qwen3-8B.log,0,0,0.0,,,,
/home/ubuntu/kasasiva_exps_DONOT_DELETE/ziyi_codes_17July2025/backups/.logs/gsm8k/Llama-3.1-8B-Instruct_Llama-3.2-1B-Instruct_sd_en_0.0_DRAFT_LEN10_4.log,60716,75859,0.8003691009754812,0.825,28.668022275964457,12.52709245800972,357.78
/home/ubuntu/kasasiva_exps_DONOT_DELETE/ziyi_codes_17July2025/backups/.logs/gsm8k/Llama-3.1-8B-Instruct_Llama-3.2-1B-Instruct_sd_en_0.0_DRAFT_LEN10_40.log,0,0,0.0,,,,
/home/ubuntu/kasasiva_exps_DONOT_DELETE/ziyi_codes_17July2025/backups/.logs/gsm8k/Qwen3-8B_Qwen-06B_reinforce_l2_reg_scale20_target0.6_5e-4_48.log,0,0,0.0,,,,
/home/ubuntu/kasasiva_exps_DONOT_DELETE/ziyi_codes_17July2025/backups/.logs/gsm8k/Qwen3-8B_Qwen-06B_reinforce_equal_l2_reg_scale20_target_5e-4_12.log,0,0,0.0,,,,
/home/ubuntu/kasasiva_exps_DONOT_DELETE/ziyi_codes_17July2025/backups/.logs/gsm8k/Qwen3-8B_Qwen-06B_reinforce_l2_reg_scale5_target0.6_5e-4_48.log,0,0,0.0,,,,
/home/ubuntu/kasasiva_exps_DONOT_DELETE/ziyi_codes_17July2025/backups/.logs/gsm8k/Llama-3.1-8B-Instruct_Llama-3.2-1B-Instruct_sd_en_0.0_DRAFT_LEN10_16.log,60730,75525,0.8040939543998094,0.815,28.8790936531402,12.435065932273865,357.845
/home/ubuntu/kasasiva_exps_DONOT_DELETE/ziyi_codes_17July2025/backups/.logs/gsm8k/Llama-3.1-8B-Instruct_Llama-3.2-1B-Instruct_sd_en_0.0_DRAFT_LEN10_20.log,60822,75274,0.8079973430753903,0.81,29.244652029876857,12.289512416124344,358.07
/home/ubuntu/kasasiva_exps_DONOT_DELETE/ziyi_codes_17July2025/backups/.logs/gsm8k/Llama-3.1-8B-Instruct_Llama-3.2-1B-Instruct_EnsembleModel_FINAL.log,0,0,0.0,,,,
/home/ubuntu/kasasiva_exps_DONOT_DELETE/ziyi_codes_17July2025/backups/.logs/gsm8k/Llama-3.1-8B-Instruct_Llama-3.2-1B-Instruct_reinforce_equal_l2_reg_scale10_target0.3_5e-4_48.log,0,0,0.0,,,,
/home/ubuntu/kasasiva_exps_DONOT_DELETE/ziyi_codes_17July2025/backups/.logs/gsm8k/Llama-3.1-8B-Instruct_Llama-3.2-1B-Instruct_reinforce_equal_l2_reg_scale10_target0.3_5e-4_12.log,0,0,0.0,,,,
/home/ubuntu/kasasiva_exps_DONOT_DELETE/ziyi_codes_17July2025/backups/.logs/gsm8k/Llama-3.1-8B-Instruct_Llama-3.2-1B-Instruct_sd_en_0.0_DRAFT_LEN10_44.log,0,0,0.0,,,,
/home/ubuntu/kasasiva_exps_DONOT_DELETE/ziyi_codes_17July2025/backups/.logs/gsm8k/Llama-3.1-8B-Instruct_Llama-3.2-1B-Instruct_sd_en_0.0_DRAFT_LEN10_24.log,60841,74938,0.8118736572412228,0.815,28.421157772090808,12.640634783506393,357.9
/home/ubuntu/kasasiva_exps_DONOT_DELETE/ziyi_codes_17July2025/backups/.logs/gsm8k/Qwen3-8B_Qwen-06B_reinforce_equal_l2_reg_scale20_target0.2_5e-4_12.log,0,0,0.0,,,,
/home/ubuntu/kasasiva_exps_DONOT_DELETE/ziyi_codes_17July2025/backups/.logs/gsm8k/Llama-3.1-8B-Instruct_Llama-3.2-1B-Instruct_static_en_0.5_DRAFT_LEN5_FINAL.log,27810,32944,0.8441341629989376,0.82,26.066815319578986,13.702916049957276,355.64
/home/ubuntu/kasasiva_exps_DONOT_DELETE/ziyi_codes_17July2025/backups/.logs/gsm8k/Llama-3.1-8B-Instruct_Llama-3.2-1B-Instruct_reinforce_equal_l2_reg_scale10_target0.3_5e-4_FINAL.log,0,0,0.0,,,,
/home/ubuntu/kasasiva_exps_DONOT_DELETE/ziyi_codes_17July2025/backups/.logs/gsm8k/Qwen3-8B_Qwen-06B_reinforce_equal_l2_reg_scale20_target_5e-4_48.log,0,0,0.0,,,,
/home/ubuntu/kasasiva_exps_DONOT_DELETE/ziyi_codes_17July2025/backups/.logs/gsm8k/Qwen3-8B_Qwen-06B_reinforce_equal_l2_reg_scale20_target_5e-4_24.log,0,0,0.0,,,,
/home/ubuntu/kasasiva_exps_DONOT_DELETE/ziyi_codes_17July2025/backups/.logs/gsm8k/Llama-3.1-8B-Instruct_Llama-3.2-1B-Instruct_sd_en_0.0_DRAFT_LEN10_FINAL.log,60785,75244,0.807827762642036,0.81,26.668640312116576,13.47337116599083,357.95
/home/ubuntu/kasasiva_exps_DONOT_DELETE/ziyi_codes_17July2025/backups/.logs/gsm8k/Llama-3.1-8B-Instruct_Llama-3.2-1B-Instruct_sd_en_0.0_DRAFT_LEN10_36.log,0,0,0.0,,,,
/home/ubuntu/kasasiva_exps_DONOT_DELETE/ziyi_codes_17July2025/backups/.logs/gsm8k/Qwen3-8B_Qwen-06B_reinforce_equal_l2_reg_scale20_target0.2_5e-4_48.log,0,0,0.0,,,,
/home/ubuntu/kasasiva_exps_DONOT_DELETE/ziyi_codes_17July2025/backups/.logs/gsm8k/Qwen3-8B_Qwen-06B_reinforce_equal_l2_reg_scale10_target0.3_5e-4_FINAL.log,0,0,0.0,,,,
/home/ubuntu/kasasiva_exps_DONOT_DELETE/ziyi_codes_17July2025/backups/.logs/gsm8k/.ipynb_checkpoints/Qwen3-8B_Qwen-06B_reinforce_l2_reg_scale10_target0.6_5e-4_48-checkpoint.log,0,0,0.0,,,,
/home/ubuntu/kasasiva_exps_DONOT_DELETE/ziyi_codes_17July2025/backups/.logs/gsm8k/.ipynb_checkpoints/Qwen3-8B_Qwen-06B_reinforce_equal_l2_reg_scale20_target0.2_5e-4_24-checkpoint.log,0,0,0.0,,,,
/home/ubuntu/kasasiva_exps_DONOT_DELETE/ziyi_codes_17July2025/backups/.logs/gsm8k/.ipynb_checkpoints/Qwen3-8B-checkpoint.log,0,0,0.0,,,,
/home/ubuntu/kasasiva_exps_DONOT_DELETE/ziyi_codes_17July2025/backups/.logs/gsm8k/.ipynb_checkpoints/Llama-3.1-8B-Instruct_Llama-3.2-1B-Instruct_reinforce_equal_l2_reg_scale10_target0.3_5e-4_48-checkpoint.log,0,0,0.0,,,,
/home/ubuntu/kasasiva_exps_DONOT_DELETE/ziyi_codes_17July2025/backups/.logs/gsm8k/.ipynb_checkpoints/Qwen3-8B_Qwen-06B_reinforce_l2_reg_scale5_target0.6_5e-4_48-checkpoint.log,0,0,0.0,,,,
/home/ubuntu/kasasiva_exps_DONOT_DELETE/ziyi_codes_17July2025/backups/.logs/gsm8k/.ipynb_checkpoints/Llama-3.1-8B-Instruct_Llama-3.2-1B-Instruct_reinforce_equal_l2_reg_scale10_target0.3_5e-4_12-checkpoint.log,0,0,0.0,,,,
/home/ubuntu/kasasiva_exps_DONOT_DELETE/ziyi_codes_17July2025/backups/.logs/gsm8k/.ipynb_checkpoints/Qwen3-8B_Qwen-06B_reinforce_equal_l2_reg_scale20_target0.2_5e-4_48-checkpoint.log,0,0,0.0,,,,
/home/ubuntu/kasasiva_exps_DONOT_DELETE/ziyi_codes_17July2025/backups/.logs/gsm8k/.ipynb_checkpoints/Qwen3-8B_Qwen-06B_reinforce_equal_l2_reg_scale10_target0.3_5e-4_FINAL-checkpoint.log,0,0,0.0,,,,
/home/ubuntu/kasasiva_exps_DONOT_DELETE/ziyi_codes_17July2025/backups/.logs/gsm8k/.ipynb_checkpoints/Llama-3.1-8B-Instruct_Llama-3.2-1B-Instruct_reinforce_equal_l2_reg_scale10_target0.3_5e-4_FINAL-checkpoint.log,0,0,0.0,,,,
/home/ubuntu/kasasiva_exps_DONOT_DELETE/ziyi_codes_17July2025/backups/.logs/gsm8k/.ipynb_checkpoints/Qwen3-8B_Qwen-06B_reinforce_equal_l2_reg_scale20_target_5e-4_24-checkpoint.log,0,0,0.0,,,,
/home/ubuntu/kasasiva_exps_DONOT_DELETE/ziyi_codes_17July2025/backups/.logs/gsm8k/.ipynb_checkpoints/Qwen3-8B_Qwen-06B_reinforce_equal_l2_reg_scale20_target_5e-4_12-checkpoint.log,0,0,0.0,,,,
/home/ubuntu/kasasiva_exps_DONOT_DELETE/ziyi_codes_17July2025/backups/.logs/gsm8k/.ipynb_checkpoints/Qwen3-8B_Qwen-06B_reinforce_l2_reg_scale10_target0.6_5e-4_24-checkpoint.log,0,0,0.0,,,,
/home/ubuntu/kasasiva_exps_DONOT_DELETE/ziyi_codes_17July2025/backups/.logs/gsm8k/.ipynb_checkpoints/Qwen3-8B_Qwen-06B_reinforce_equal_l2_reg_scale20_target_5e-4_48-checkpoint.log,0,0,0.0,,,,
/home/ubuntu/kasasiva_exps_DONOT_DELETE/ziyi_codes_17July2025/backups/.logs/gsm8k/.ipynb_checkpoints/Qwen3-8B_Qwen-06B_reinforce_equal_l2_reg_scale20_target0.2_5e-4_12-checkpoint.log,0,0,0.0,,,,
/home/ubuntu/kasasiva_exps_DONOT_DELETE/ziyi_codes_17July2025/backups/.logs/gsm8k/.ipynb_checkpoints/Qwen3-8B_Qwen-06B_reinforce_l2_reg_scale20_target0.6_5e-4_48-checkpoint.log,0,0,0.0,,,,
